country,temperature_celsius,wind_kph,humidity,uv_index,condition_text,condition_category,condition_score,HRS_of_light
Afghanistan,18.754246575342467,10.34,28.046575342465754,4.694794520547945,sunny,Clear,5,0.6
Albania,21.625479452054794,9.776438356164384,50.8054794520548,4.181095890410958,sunny,Clear,5,0.46
Algeria,22.275068493150684,14.09068493150685,58.01917808219178,3.846849315068493,partly cloudy,Partly Cloudy,4,0.5
Andorra,10.402191780821918,9.05013698630137,61.75068493150685,2.7986301369863016,sunny,Clear,5,0.46
Angola,27.37123287671233,11.057808219178082,70.92328767123287,6.9421917808219185,partly cloudy,Partly Cloudy,4,0.49
Antigua And Barbuda,26.745479452054795,22.95095890410959,78.21917808219177,2.157260273972603,partly cloudy,Partly Cloudy,4,0.45
Argentina,15.151780821917807,10.493972602739726,82.22191780821917,1.733698630136986,sunny,Clear,5,0.41
Armenia,18.325205479452055,7.9104109589041105,38.172602739726024,4.7805479452054795,partly cloudy,Partly Cloudy,4,0.51
Australia,12.974246575342466,10.60027397260274,74.12328767123287,0.4175342465753425,clear,Clear,5,0.61
Austria,14.38958904109589,14.013972602739727,62.30958904109589,3.2986301369863016,partly cloudy,Partly Cloudy,4,0.55
Azerbaijan,18.693972602739727,23.57917808219178,59.68767123287671,4.374520547945205,sunny,Clear,5,0.63
Bahamas,24.867123287671234,20.704383561643837,79.4986301369863,2.1945205479452055,partly cloudy,Partly Cloudy,4,0.57
Bahrain,29.943561643835615,19.795890410958904,48.61369863013699,6.853424657534247,sunny,Clear,5,0.58
Bangladesh,31.104109589041094,14.246027397260274,46.602739726027394,3.043835616438356,sunny,Clear,5,0.57
Barbados,27.36054794520548,24.054246575342464,80.20547945205479,2.190958904109589,partly cloudy,Partly Cloudy,4,0.53
Belarus,11.80958904109589,17.331232876712328,66.08493150684932,2.90986301369863,partly cloudy,Partly Cloudy,4,0.31
Belgium,17.903013698630136,15.654520547945204,71.18356164383562,3.9175342465753427,partly cloudy,Partly Cloudy,4,0.69
Belize,22.846301369863014,4.8123287671232875,95.24657534246575,1.893150684931507,fog,Fog,2,0.5
Benin,29.649315068493152,13.403561643835618,73.14246575342466,5.381917808219178,partly cloudy,Partly Cloudy,4,0.51
Bhutan,11.925205479452055,7.293150684931507,68.84931506849315,2.4443835616438356,patchy rain nearby,Rain,1,0.5
Bolivia,18.362739726027396,5.453972602739726,59.95068493150685,4.249315068493151,sunny,Clear,5,0.48
Bosnia And Herzegovina,15.444657534246575,7.67945205479452,62.83561643835616,3.5016438356164383,partly cloudy,Partly Cloudy,4,0.46
Botswana,26.455890410958904,13.033972602739725,37.49315068493151,8.88958904109589,sunny,Clear,5,0.44
Brazil,25.24109589041096,4.769589041095891,78.6027397260274,2.909041095890411,sunny,Clear,5,0.5
Brunei Darussalam,28.38082191780822,8.033698630136987,82.3945205479452,1.1646575342465755,partly cloudy,Partly Cloudy,4,0.52
Bulgaria,26.71917808219178,12.721643835616437,38.33698630136986,6.242465753424658,sunny,Clear,5,0.64
Burkina Faso,30.73095890410959,16.737260273972602,42.794520547945204,5.507945205479452,sunny,Clear,5,0.52
Burundi,27.067123287671233,18.08876712328767,58.12876712328767,9.196438356164384,partly cloudy,Partly Cloudy,4,0.49
Cambodia,31.10958904109589,11.593424657534248,66.6986301369863,1.5273972602739727,partly cloudy,Partly Cloudy,4,0.51
Cameroon,26.30328767123288,9.115342465753425,50.04383561643836,6.594246575342466,sunny,Clear,5,0.51
Canada,5.58986301369863,11.624109589041096,83.55342465753425,1.6,partly cloudy,Partly Cloudy,4,0.65
Cape Verde,24.957534246575342,22.351232876712327,68.14794520547945,3.34027397260274,partly cloudy,Partly Cloudy,4,0.53
Central African Republic,30.805205479452052,7.326849315068493,56.0986301369863,7.117808219178082,sunny,Clear,5,0.52
Chad,32.31150684931507,17.75890410958904,33.24931506849315,7.360821917808218,sunny,Clear,5,0.52
Chile,10.85013698630137,4.587397260273973,73.4931506849315,1.4005479452054794,sunny,Clear,5,0.41
China,16.670684931506848,10.186849315068493,43.558904109589044,0.8619178082191782,clear,Clear,5,0.63
Colombia,18.3,5.6,87.5,4.0,mist,Fog,2,0.53
Comoros,26.426575342465757,16.859178082191782,75.38356164383562,9.332602739726028,patchy rain nearby,Rain,1,0.49
Congo,28.913698630136988,7.059178082191781,65.33972602739726,7.868493150684931,partly cloudy,Partly Cloudy,4,0.5
Costa Rica,19.124109589041097,7.441643835616438,84.44109589041096,1.526027397260274,partly cloudy,Partly Cloudy,4,0.51
Cote D'Ivoire,22.92330508474576,4.753813559322034,91.54661016949153,0.2478813559322034,partly cloudy,Partly Cloudy,4,0.52
Croatia,16.16958904109589,8.175342465753424,63.18356164383562,3.573150684931507,sunny,Clear,5,0.66
Cuba,23.28219178082192,15.218356164383561,89.77260273972603,2.317808219178082,partly cloudy,Partly Cloudy,4,0.57
Cyprus,25.484383561643835,14.624383561643835,44.70958904109589,5.531780821917808,partly cloudy,Partly Cloudy,4,0.55
Czech Republic,12.613972602739727,12.63178082191781,65.87123287671233,3.041095890410959,sunny,Clear,5,0.46
Democratic Republic Of Congo,28.79808219178082,7.012876712328767,65.85479452054794,7.790684931506849,partly cloudy,Partly Cloudy,4,0.5
Denmark,11.824657534246576,19.30986301369863,73.6109589041096,2.3863013698630136,partly cloudy,Partly Cloudy,4,0.47
Djibouti,31.865753424657534,17.747671232876712,55.47671232876712,8.990136986301371,sunny,Clear,5,0.51
Dominica,26.903561643835616,15.403287671232876,78.6027397260274,2.217260273972603,patchy rain nearby,Rain,1,0.55
Dominican Republic,24.292602739726025,9.936712328767124,93.81369863013698,2.2164383561643834,partly cloudy,Partly Cloudy,4,0.55
Ecuador,10.673150684931507,4.943013698630137,81.31232876712329,1.632876712328767,sunny,Clear,5,0.5
Egypt,27.403561643835616,16.04739726027397,36.74794520547945,6.542191780821918,sunny,Clear,5,0.59
El Salvador,23.153424657534245,4.9838356164383555,89.0986301369863,1.8027397260273972,clear,Clear,5,0.53
Equatorial Guinea,28.01287671232877,8.402465753424657,80.54520547945205,5.677260273972602,partly cloudy,Partly Cloudy,4,0.52
Eritrea,21.435068493150684,11.487123287671233,45.227397260273975,8.30082191780822,sunny,Clear,5,0.55
Estonia,10.40027397260274,18.60767123287671,69.69315068493151,2.3386301369863016,partly cloudy,Partly Cloudy,4,0.47
Estonie,23.3,16.9,61.0,6.0,partly cloudy,Partly Cloudy,4,0.75
Ethiopia,21.18904109589041,12.894520547945206,46.87945205479452,8.844383561643836,partly cloudy,Partly Cloudy,4,0.52
Fiji Islands,24.24109589041096,10.752054794520548,92.55616438356165,0.4054794520547945,partly cloudy,Partly Cloudy,4,0.46
Finland,10.183561643835617,17.81013698630137,70.44931506849315,2.363835616438356,partly cloudy,Partly Cloudy,4,0.47
France,14.094520547945205,12.792328767123287,71.94246575342466,2.7230136986301368,sunny,Clear,5,0.67
Gabon,28.102191780821915,9.97068493150685,79.08219178082192,5.988493150684932,partly cloudy,Partly Cloudy,4,0.5
Gambia,26.345205479452055,15.736164383561643,61.273972602739725,3.679178082191781,sunny,Clear,5,0.49
Georgia,18.094520547945205,11.40876712328767,50.74794520547945,4.27041095890411,sunny,Clear,5,0.63
Germany,13.76904109589041,14.737534246575342,64.34520547945205,3.014246575342466,sunny,Clear,5,0.7
Ghana,28.699178082191782,15.116986301369863,74.7041095890411,5.25013698630137,partly cloudy,Partly Cloudy,4,0.51
Greece,22.914520547945205,15.327123287671231,45.794520547945204,4.8183561643835615,partly cloudy,Partly Cloudy,4,0.46
Grenada,27.386849315068496,20.33753424657534,82.14520547945206,2.264931506849315,partly cloudy,Partly Cloudy,4,0.52
Guatemala,17.18849315068493,7.002191780821918,90.67671232876712,1.4876712328767123,partly cloudy,Partly Cloudy,4,0.53
Guinea,26.954794520547946,10.905479452054795,79.33698630136986,3.739452054794521,partly cloudy,Partly Cloudy,4,0.51
Guinea-Bissau,26.966849315068494,12.118082191780823,65.92054794520548,3.834246575342466,sunny,Clear,5,0.52
Guyana,25.0972602739726,8.964931506849315,92.56712328767124,2.23972602739726,partly cloudy,Partly Cloudy,4,0.51
Haiti,22.588219178082195,8.601917808219177,84.96712328767123,2.452054794520548,clear,Clear,5,0.55
Honduras,18.950410958904108,6.365479452054795,88.56712328767124,1.6054794520547946,partly cloudy,Partly Cloudy,4,0.53
Hungary,15.88027397260274,11.563287671232878,57.8027397260274,3.5657534246575344,sunny,Clear,5,0.46
Iceland,5.742739726027397,28.513698630136986,81.71506849315068,1.1191780821917807,partly cloudy,Partly Cloudy,4,0.19
Inde,31.2,6.8,71.0,9.0,mist,Fog,2,0.58
India,31.15123287671233,10.25068493150685,39.443835616438356,3.8676712328767127,mist,Fog,2,0.51
Indonesia,26.489589041095893,9.964931506849315,76.52054794520548,1.96,patchy rain nearby,Rain,1,0.51
Iran,27.499452054794517,15.93945205479452,21.791780821917808,6.615616438356164,sunny,Clear,5,0.61
Iraq,30.483287671232876,17.13972602739726,25.786301369863015,6.63945205479452,sunny,Clear,5,0.41
Ireland,11.589315068493152,16.605205479452053,77.4958904109589,1.9304109589041096,partly cloudy,Partly Cloudy,4,0.55
Israel,24.111780821917804,16.67287671232877,43.38082191780822,5.8832876712328765,sunny,Clear,5,0.46
Italy,20.415342465753426,11.536712328767122,61.21917808219178,4.0887671232876714,sunny,Clear,5,0.63
Jamaica,27.05369863013699,8.363835616438356,78.48493150684932,2.372602739726027,partly cloudy,Partly Cloudy,4,0.55
Japan,18.583287671232874,17.29013698630137,65.57260273972602,0.4334246575342465,partly cloudy,Partly Cloudy,4,0.61
Jemen,26.1,14.8,34.0,6.0,patchy light drizzle,Rain,1,0.54
Jordan,23.076986301369864,17.89232876712329,36.90684931506849,6.042739726027397,sunny,Clear,5,0.59
Kazakhstan,8.631780821917808,18.424109589041095,62.02191780821918,2.9597260273972603,partly cloudy,Partly Cloudy,4,0.33
Kenya,23.555068493150685,13.545479452054796,50.52602739726027,10.136438356164383,partly cloudy,Partly Cloudy,4,0.5
Kiribati,27.92356164383562,20.927671232876712,75.4904109589041,0.4087671232876712,patchy rain nearby,Rain,1,0.5
Komoren,25.2,24.8,71.0,8.0,partly cloudy,Partly Cloudy,4,0.48
Kosovo,29.3,9.4,42.0,6.0,patchy rain nearby,Rain,1,0.64
Kuwait,31.823287671232876,16.31972602739726,25.504109589041096,6.92027397260274,sunny,Clear,5,0.59
Kyrghyzstan,15.63890410958904,9.49972602739726,49.59452054794521,3.5961643835616437,sunny,Clear,5,0.64
Lao People'S Democratic Republic,25.0,9.0,95.0,1.0,light rain shower,Rain,1,0.55
Latvia,11.674794520547946,14.557808219178083,69.73698630136987,2.6684931506849314,sunny,Clear,5,0.47
Lebanon,23.56931506849315,13.937534246575343,58.8,5.287123287671233,partly cloudy,Partly Cloudy,4,0.46
Lesotho,21.507123287671234,14.638082191780821,37.78904109589041,8.343287671232877,sunny,Clear,5,0.43
Letonia,20.6,13.3,94.0,5.0,light rain shower,Rain,1,0.72
Liberia,27.270958904109587,10.055068493150685,83.41917808219178,4.073424657534247,partly cloudy,Partly Cloudy,4,0.52
Libya,27.0,31.7,74.0,7.0,sunny,Clear,5,0.6
Liechtenstein,11.078082191780823,7.657808219178082,77.12876712328767,2.7156164383561645,partly cloudy,Partly Cloudy,4,0.35
Lithuania,11.532876712328767,15.411780821917809,67.20547945205479,2.856986301369863,sunny,Clear,5,0.72
Luxembourg,11.62054794520548,14.35890410958904,74.79452054794521,2.522191780821918,partly cloudy,Partly Cloudy,4,0.46
Macedonia,19.167123287671235,7.297808219178082,53.06301369863014,4.2435616438356165,partly cloudy,Partly Cloudy,4,0.38
Madagascar,25.848219178082193,13.212602739726028,38.5013698630137,8.114520547945206,sunny,Clear,5,0.46
Malawi,25.912054794520547,12.704931506849315,47.79178082191781,9.637808219178083,partly cloudy,Partly Cloudy,4,0.52
Malaysia,28.815068493150687,5.730684931506849,77.14520547945206,1.703013698630137,partly cloudy,Partly Cloudy,4,0.52
Maldives,28.10794520547945,19.06684931506849,75.02739726027397,6.037260273972603,patchy rain nearby,Rain,1,0.52
Mali,29.19232876712329,12.178630136986301,46.78082191780822,4.783287671232877,sunny,Clear,5,0.52
Malta,22.810410958904107,19.9413698630137,64.68767123287671,4.292602739726028,partly cloudy,Partly Cloudy,4,0.4
Marrocos,40.3,16.9,14.0,10.0,sunny,Clear,5,0.59
Marshall Islands,28.184931506849313,22.512328767123286,80.95890410958904,0.4054794520547945,overcast,Cloudy,3,0.51
Mauritania,24.302465753424656,21.33178082191781,51.013698630136986,3.8372602739726025,sunny,Clear,5,0.55
Mauritius,26.84767123287671,18.696438356164382,68.02191780821917,8.023561643835617,partly cloudy,Partly Cloudy,4,0.45
Mexico,14.240821917808217,5.998356164383562,68.97808219178083,0.8438356164383561,clear,Clear,5,0.5
Mexique,27.4,15.1,72.0,7.0,partly cloudy,Partly Cloudy,4,0.55
Micronesia,27.6827397260274,20.536164383561644,84.67123287671232,0.40273972602739727,overcast,Cloudy,3,0.51
Monaco,18.585479452054795,10.58027397260274,64.26849315068493,3.2405479452054795,partly cloudy,Partly Cloudy,4,0.55
Mongolia,2.6810958904109587,8.501917808219178,56.09041095890411,1.0293150684931507,partly cloudy,Partly Cloudy,4,0.5
Montenegro,20.063561643835616,7.53041095890411,55.71506849315068,3.96986301369863,partly cloudy,Partly Cloudy,4,0.46
Morocco,20.518630136986303,13.737808219178083,70.7095890410959,3.3917808219178083,partly cloudy,Partly Cloudy,4,0.41
Mozambique,27.445753424657536,15.01917808219178,57.2,8.406301369863014,partly cloudy,Partly Cloudy,4,0.44
Myanmar,30.443835616438356,10.96,72.0931506849315,1.6057534246575342,partly cloudy,Partly Cloudy,4,0.55
Namibia,25.457534246575342,17.76986301369863,27.589041095890412,9.137808219178083,sunny,Clear,5,0.57
Nepal,22.274246575342467,8.103835616438356,60.24383561643835,1.9389041095890411,partly cloudy,Partly Cloudy,4,0.5
Netherlands,13.113150684931508,16.705205479452054,74.18904109589042,2.5306849315068494,partly cloudy,Partly Cloudy,4,0.46
New Zealand,13.544109589041097,23.4986301369863,80.86575342465754,0.4054794520547945,clear,Clear,5,0.38
Nicaragua,24.374520547945206,9.763561643835615,86.47671232876712,2.0547945205479454,partly cloudy,Partly Cloudy,4,0.51
Niger,31.880273972602737,19.112876712328767,33.175342465753424,6.089315068493151,sunny,Clear,5,0.53
Nigeria,29.79808219178082,8.181095890410958,58.48219178082192,5.919726027397259,partly cloudy,Partly Cloudy,4,0.52
North Korea,12.302739726027397,11.035890410958904,63.4986301369863,0.6309589041095891,clear,Clear,5,0.5
Norway,7.935068493150686,14.411780821917809,75.21643835616439,2.283835616438356,sunny,Clear,5,0.47
Oman,31.48109589041096,15.954246575342466,49.64657534246575,7.212328767123288,sunny,Clear,5,0.57
Pakistan,28.87616438356164,10.32027397260274,28.213698630136985,5.126301369863014,sunny,Clear,5,0.5
Palau,27.73780821917808,16.62109589041096,83.86301369863014,0.6476712328767124,partly cloudy,Partly Cloudy,4,0.52
Panama,25.596986301369864,7.432054794520547,90.30410958904109,2.1084931506849314,partly cloudy,Partly Cloudy,4,0.52
Papua New Guinea,26.375890410958906,13.109041095890412,85.59726027397261,0.40684931506849314,partly cloudy,Partly Cloudy,4,0.5
Paraguay,21.48164383561644,10.388767123287671,63.443835616438356,2.3597260273972602,sunny,Clear,5,0.51
Peru,17.818082191780825,8.19890410958904,83.94520547945206,1.83013698630137,partly cloudy,Partly Cloudy,4,0.49
Philippines,29.76986301369863,13.029863013698629,73.34794520547945,0.8452054794520548,partly cloudy,Partly Cloudy,4,0.53
Poland,13.88082191780822,14.32986301369863,61.95342465753425,3.276164383561644,sunny,Clear,5,0.47
Portugal,18.051780821917806,15.57123287671233,73.53698630136986,3.1002739726027393,partly cloudy,Partly Cloudy,4,0.62
Qatar,32.45972602739726,19.238630136986302,39.3041095890411,7.298356164383562,sunny,Clear,5,0.57
Romania,17.49342465753425,12.37945205479452,53.11506849315069,4.148767123287671,sunny,Clear,5,0.46
Russia,11.468767123287673,14.742465753424657,63.33698630136986,3.1035616438356164,sunny,Clear,5,0.73
Rwanda,25.72246575342466,7.616986301369862,51.583561643835615,9.665479452054795,partly cloudy,Partly Cloudy,4,0.49
Saint Kitts And Nevis,27.027945205479455,24.507123287671234,78.17534246575343,2.20027397260274,partly cloudy,Partly Cloudy,4,0.55
Saint Lucia,27.291780821917808,19.866301369863013,80.84657534246575,2.303287671232877,partly cloudy,Partly Cloudy,4,0.53
Saint Vincent And The Grenadines,27.67287671232877,25.26821917808219,75.3945205479452,2.257808219178082,patchy rain nearby,Rain,1,0.53
Saint-Vincent-Et-Les-Grenadines,27.8,27.0,82.0,6.0,patchy rain nearby,Rain,1,0.53
Samoa,25.70986301369863,19.22219178082192,88.07945205479452,0.40712328767123285,partly cloudy,Partly Cloudy,4,0.52
San Marino,17.8413698630137,12.90931506849315,66.74246575342465,3.4764383561643837,sunny,Clear,5,0.37
Saudi Arabia,32.201369863013696,16.525753424657534,16.67945205479452,7.996712328767123,sunny,Clear,5,0.5
Saudi Arabien,45.0,24.5,7.0,11.0,sunny,Clear,5,0.56
Senegal,25.081643835616436,20.82109589041096,72.2958904109589,3.6347945205479455,sunny,Clear,5,0.53
Serbia,17.244657534246574,12.77068493150685,56.76986301369863,3.9649315068493154,sunny,Clear,5,0.65
Seychelles Islands,28.69945205479452,17.6586301369863,75.91506849315068,9.518630136986301,partly cloudy,Partly Cloudy,4,0.5
Sierra Leone,26.913150684931505,9.64986301369863,77.44657534246575,3.7936986301369866,partly cloudy,Partly Cloudy,4,0.51
Singapore,29.0,13.105205479452053,73.36438356164383,1.703013698630137,partly cloudy,Partly Cloudy,4,0.51
Slovakia,14.884383561643837,15.113972602739727,62.11506849315069,3.3734246575342466,sunny,Clear,5,0.46
Slovenia,14.65808219178082,7.3742465753424655,67.86575342465754,3.1843835616438354,partly cloudy,Partly Cloudy,4,0.55
Solomon Islands,26.336164383561645,8.667123287671233,88.5013698630137,0.4054794520547945,partly cloudy,Partly Cloudy,4,0.5
Somalia,29.144657534246573,27.655342465753428,73.58630136986301,9.402739726027397,partly cloudy,Partly Cloudy,4,0.52
South Africa,23.46849315068493,12.766575342465753,40.21095890410959,8.55917808219178,sunny,Clear,5,0.44
South Korea,14.502191780821919,10.035890410958904,66.65479452054795,0.6356164383561644,clear,Clear,5,0.51
Spain,17.300273972602742,11.432054794520548,58.29041095890411,3.60986301369863,sunny,Clear,5,0.63
Sri Lanka,29.867123287671234,16.34,74.72602739726027,3.5767123287671234,partly cloudy,Partly Cloudy,4,0.51
Sudan,34.07068493150685,17.74027397260274,31.986301369863014,8.297534246575342,sunny,Clear,5,0.53
Suriname,24.952328767123287,9.326027397260274,90.86301369863014,2.36,partly cloudy,Partly Cloudy,4,0.52
Swaziland,23.696164383561644,10.361917808219177,51.40547945205479,8.047123287671232,sunny,Clear,5,0.51
Sweden,10.981369863013699,15.384657534246575,68.10958904109589,2.4983561643835617,sunny,Clear,5,0.78
Switzerland,12.844931506849314,7.4693150684931515,71.1917808219178,2.7756164383561646,partly cloudy,Partly Cloudy,4,0.55
Syria,24.26493150684932,15.881643835616439,30.18082191780822,6.102739726027397,sunny,Clear,5,0.5
Tajikistan,21.805205479452052,7.271780821917807,38.30958904109589,4.365753424657535,sunny,Clear,5,0.51
Tanzania,27.44301369863014,11.836712328767122,45.04383561643836,10.473698630136987,partly cloudy,Partly Cloudy,4,0.49
Thailand,29.22082191780822,8.614794520547946,75.78630136986301,1.9164383561643836,partly cloudy,Partly Cloudy,4,0.53
Timor-Leste,25.974520547945207,8.683013698630138,77.58356164383562,0.82986301369863,patchy rain nearby,Rain,1,0.49
Togo,27.9,19.1,74.0,6.0,light rain shower,Rain,1,0.52
Tonga,23.72986301369863,21.70739726027397,88.41917808219178,0.4054794520547945,partly cloudy,Partly Cloudy,4,0.51
Trinidad And Tobago,25.857808219178082,11.216164383561644,86.59726027397261,2.3917808219178083,partly cloudy,Partly Cloudy,4,0.52
Tunisia,23.581917808219178,15.792876712328766,57.06575342465754,4.4421917808219185,partly cloudy,Partly Cloudy,4,0.5
Turkey,26.930958904109588,17.2427397260274,37.2,6.267123287671233,sunny,Clear,5,0.61
Turkmenistan,23.030958904109585,13.40027397260274,38.24383561643835,5.159452054794521,partly cloudy,Partly Cloudy,4,0.5
Tuvalu,28.68712328767123,17.26958904109589,82.32602739726028,0.4054794520547945,partly cloudy,Partly Cloudy,4,0.49
Uganda,26.587945205479453,11.155068493150685,58.21643835616438,8.905753424657535,partly cloudy,Partly Cloudy,4,0.51
Ukraine,14.21890410958904,14.507397260273972,52.93972602739726,3.5720547945205476,sunny,Clear,5,0.46
United Arab Emirates,32.36657534246575,17.586575342465753,44.33698630136986,7.102465753424657,sunny,Clear,5,0.57
United Kingdom,12.934246575342465,14.293698630136985,73.6054794520548,2.415890410958904,partly cloudy,Partly Cloudy,4,0.69
United States Of America,8.113424657534248,8.384109589041095,90.04383561643836,0.7534246575342466,clear,Clear,5,0.55
Uruguay,14.952602739726027,15.454794520547946,85.78630136986301,1.8104109589041095,sunny,Clear,5,0.41
Usa United States Of America,24.53333333333333,12.933333333333332,66.0,4.333333333333333,sunny,Clear,5,0.52
Uzbekistan,21.792328767123287,10.426027397260274,34.42739726027397,4.491780821917808,sunny,Clear,5,0.51
Vanuatu,24.280547945205477,15.044383561643835,89.69041095890411,0.40273972602739727,partly cloudy,Partly Cloudy,4,0.46
Vatican City,20.41123287671233,11.786301369863013,61.23287671232877,4.106027397260274,sunny,Clear,5,0.46
Venezuela,23.28876712328767,5.490684931506849,80.5095890410959,2.0273972602739727,clear,Clear,5,0.51
Vietnam,27.410958904109588,8.346027397260274,76.76164383561644,1.6263013698630138,patchy rain nearby,Rain,1,0.56
Yemen,23.26493150684932,12.878356164383563,23.742465753424657,8.975068493150685,sunny,Clear,5,0.55
Zambia,26.335890410958903,12.570410958904109,41.16164383561644,9.33945205479452,sunny,Clear,5,0.48
Zimbabwe,25.330684931506852,10.72931506849315,35.66027397260274,9.745753424657535,sunny,Clear,5,0.46
