country,temperature_celsius,condition_text,wind_kph,humidity,uv_index,condition_category,HRS_of_light
Afghanistan,26.6,partly cloudy,13.3,24,7.0,Partly Cloudy,0.58
Albania,19.0,partly cloudy,11.2,94,5.0,Partly Cloudy,0.61
Algeria,23.0,sunny,15.1,29,5.0,Clear,0.59
Andorra,6.3,light drizzle,11.9,61,2.0,Rain,0.61
Angola,26.0,partly cloudy,13.0,89,8.0,Partly Cloudy,0.49
Antigua And Barbuda,26.0,partly cloudy,9.0,84,1.0,Partly Cloudy,0.54
Argentina,8.0,clear,3.6,93,1.0,Clear,0.43
Armenia,19.0,partly cloudy,6.8,40,4.0,Partly Cloudy,0.6
Australia,9.0,clear,4.0,87,1.0,Clear,0.43
Austria,16.0,partly cloudy,20.2,63,5.0,Partly Cloudy,0.64
Azerbaijan,17.0,partly cloudy,6.8,68,5.0,Partly Cloudy,0.6
Bahamas,27.0,partly cloudy,25.9,89,1.0,Partly Cloudy,0.56
Bahrain,36.0,sunny,22.0,33,8.0,Clear,0.56
Bangladesh,38.4,partly cloudy,6.8,31,9.0,Partly Cloudy,0.55
Barbados,28.0,partly cloudy,25.9,74,1.0,Partly Cloudy,0.53
Belarus,17.0,sunny,19.1,29,4.0,Clear,0.67
Belgium,15.0,partly cloudy,6.1,94,3.0,Partly Cloudy,0.65
Belize,26.0,overcast,6.8,89,1.0,Cloudy,0.54
Benin,28.0,moderate or heavy rain with thunder,24.1,79,7.0,Thunderstorm,0.52
Bhutan,18.2,patchy light rain in area with thunder,11.5,50,4.0,Thunderstorm,0.56
Bolivia,12.3,clear,3.6,77,1.0,Clear,0.47
Bosnia And Herzegovina,19.0,partly cloudy,3.6,64,5.0,Partly Cloudy,0.62
Botswana,22.0,sunny,6.8,43,7.0,Clear,0.45
Brazil,23.1,fog,4.0,98,1.0,Fog,0.5
Brunei Darussalam,32.0,patchy light rain with thunder,11.2,84,8.0,Thunderstorm,0.51
Bulgaria,12.0,overcast,20.2,77,3.0,Cloudy,0.61
Burkina Faso,32.0,moderate or heavy rain with thunder,11.2,67,8.0,Thunderstorm,0.53
Burundi,21.1,patchy rain nearby,3.6,66,6.0,Rain,0.5
Madagascar,27.4,sunny,16.2,44,8.0,Clear,0.45
Cape Verde,22.0,partly cloudy,15.1,69,6.0,Partly Cloudy,0.54
Cambodia,38.0,partly cloudy,11.2,45,9.0,Partly Cloudy,0.53
Cameroon,25.0,partly cloudy,3.6,78,6.0,Partly Cloudy,0.51
Canada,12.0,partly cloudy,15.1,71,1.0,Partly Cloudy,0.62
Central African Republic,28.4,sunny,7.6,60,7.0,Clear,0.51
Chad,37.2,sunny,14.4,27,9.0,Clear,0.53
Chile,1.0,clear,6.8,93,1.0,Clear,0.43
China,29.0,sunny,15.1,22,8.0,Clear,0.6
Comoros,27.5,patchy rain nearby,23.4,73,7.0,Rain,0.48
Congo,29.6,sunny,4.3,66,8.0,Clear,0.5
Costa Rica,21.0,fog,3.6,100,1.0,Fog,0.53
Croatia,16.0,partly cloudy,15.1,82,3.0,Partly Cloudy,0.62
Cuba,26.0,clear,6.8,84,1.0,Clear,0.55
Cyprus,25.0,partly cloudy,9.0,39,7.0,Partly Cloudy,0.59
Czech Republic,18.0,sunny,31.0,49,4.0,Clear,0.65
Democratic Republic Of Congo,29.4,sunny,4.0,67,8.0,Clear,0.5
Denmark,16.0,sunny,31.0,55,4.0,Clear,0.68
Djibouti,31.8,sunny,13.0,68,8.0,Clear,0.53
Dominica,27.2,patchy rain nearby,12.6,78,1.0,Rain,0.54
Dominican Republic,23.0,partly cloudy,13.0,94,1.0,Partly Cloudy,0.54
Ecuador,11.9,patchy rain nearby,4.3,92,1.0,Rain,0.5
Egypt,27.0,sunny,15.1,32,7.0,Clear,0.57
El Salvador,26.0,moderate or heavy rain with thunder,3.6,94,1.0,Thunderstorm,0.53
Equatorial Guinea,30.0,partly cloudy,6.1,89,6.0,Partly Cloudy,0.51
Eritrea,22.6,patchy rain nearby,4.7,42,5.0,Rain,0.54
Estonia,19.0,sunny,22.0,43,4.0,Clear,0.71
Swaziland,22.2,sunny,6.1,39,7.0,Clear,0.45
Ethiopia,22.3,patchy rain nearby,10.8,48,5.0,Rain,0.52
Fiji Islands,26.0,light rain,15.1,89,1.0,Rain,0.47
Finland,22.0,sunny,24.1,33,5.0,Clear,0.72
France,15.0,partly cloudy,16.9,72,4.0,Partly Cloudy,0.64
Gabon,29.0,partly cloudy,15.1,75,7.0,Partly Cloudy,0.51
Gambia,23.0,sunny,16.9,83,6.0,Clear,0.53
Georgia,16.0,overcast,9.0,68,3.0,Cloudy,0.61
Germany,22.0,sunny,33.1,38,6.0,Clear,0.66
Ghana,29.0,partly cloudy,9.0,84,7.0,Partly Cloudy,0.52
Greece,23.0,partly cloudy,3.6,38,6.0,Partly Cloudy,0.59
Grenada,28.0,partly cloudy,22.0,79,1.0,Partly Cloudy,0.53
Guatemala,20.0,mist,22.0,88,1.0,Fog,0.53
Guinea,26.0,overcast,3.6,94,6.0,Cloudy,0.52
Guinea-Bissau,24.0,partly cloudy,6.1,89,7.0,Partly Cloudy,0.53
Guyana,24.0,partly cloudy,3.6,100,1.0,Partly Cloudy,0.52
Haiti,21.0,clear,4.0,88,1.0,Clear,0.54
Vatican City,24.0,sunny,3.6,57,7.0,Clear,0.61
Honduras,23.0,partly cloudy,6.1,78,1.0,Partly Cloudy,0.53
Hungary,20.0,partly cloudy,29.9,43,4.0,Partly Cloudy,0.63
Iceland,7.0,partly cloudy,15.1,93,2.0,Partly Cloudy,0.77
India,42.0,mist,11.2,13,10.0,Fog,0.57
Indonesia,32.0,partly cloudy,24.1,63,8.0,Partly Cloudy,0.49
Iran,24.0,partly cloudy,19.1,25,6.0,Partly Cloudy,0.59
Iraq,33.0,partly cloudy,22.0,17,8.0,Partly Cloudy,0.58
Ireland,14.0,mist,6.8,94,5.0,Fog,0.67
Israel,25.0,partly cloudy,13.0,54,6.0,Partly Cloudy,0.58
Italy,24.0,sunny,3.6,57,7.0,Clear,0.61
Jamaica,21.9,patchy rain nearby,3.6,84,1.0,Rain,0.54
Japan,24.0,partly cloudy,33.1,47,6.0,Partly Cloudy,0.59
Jordan,23.0,mist,15.1,29,6.0,Fog,0.58
Kazakhstan,16.0,sunny,22.0,34,5.0,Clear,0.65
Kenya,23.0,partly cloudy,3.6,61,6.0,Partly Cloudy,0.5
Kiribati,28.8,cloudy,19.8,75,1.0,Cloudy,0.5
Kuwait,30.4,partly cloudy,28.1,44,8.0,Partly Cloudy,0.57
Kyrghyzstan,22.5,patchy rain nearby,13.0,59,5.0,Rain,0.61
Latvia,17.0,sunny,9.0,48,5.0,Clear,0.69
Lebanon,22.0,partly cloudy,9.0,65,6.0,Partly Cloudy,0.58
Lesotho,18.0,sunny,3.6,52,7.0,Clear,0.44
Liberia,26.0,partly cloudy,3.6,94,7.0,Partly Cloudy,0.52
Thailand,33.0,patchy light rain with thunder,11.2,63,9.0,Thunderstorm,0.54
Liechtenstein,15.0,partly cloudy,9.0,72,4.0,Partly Cloudy,0.63
Lithuania,17.0,sunny,13.0,39,5.0,Clear,0.67
Luxembourg,14.0,partly cloudy,16.9,88,3.0,Partly Cloudy,0.64
Malawi,21.0,partly cloudy,13.0,64,7.0,Partly Cloudy,0.48
Malaysia,29.0,partly cloudy,11.2,84,6.0,Partly Cloudy,0.51
Maldives,29.5,patchy rain nearby,21.6,76,6.0,Rain,0.51
Mali,27.0,sunny,6.8,74,7.0,Clear,0.53
Malta,28.0,sunny,15.1,45,6.0,Clear,0.59
Marshall Islands,29.0,partly cloudy,11.2,79,1.0,Partly Cloudy,0.52
Mauritania,19.5,sunny,17.6,79,5.0,Clear,0.54
Mauritius,24.0,overcast,25.9,83,6.0,Cloudy,0.46
Mexico,20.8,clear,10.8,47,1.0,Clear,0.54
Micronesia,27.0,overcast,3.6,89,1.0,Cloudy,0.52
Monaco,16.0,partly cloudy,20.2,82,4.0,Partly Cloudy,0.62
Mongolia,27.0,sunny,22.0,17,5.0,Clear,0.63
Montenegro,16.0,partly cloudy,3.6,88,5.0,Partly Cloudy,0.61
Morocco,18.0,partly cloudy,9.0,60,5.0,Partly Cloudy,0.58
Mozambique,24.0,partly cloudy,9.0,65,7.0,Partly Cloudy,0.45
Myanmar,37.5,sunny,24.1,36,9.0,Clear,0.54
Namibia,20.0,sunny,11.2,40,7.0,Clear,0.46
Turkey,18.0,sunny,3.6,56,5.0,Clear,0.6
Nepal,29.0,light rain,19.1,48,8.0,Rain,0.56
Netherlands,16.0,partly cloudy,6.8,94,4.0,Partly Cloudy,0.66
New Zealand,13.0,partly cloudy,37.1,77,1.0,Partly Cloudy,0.41
Nicaragua,27.2,patchy rain nearby,5.8,80,1.0,Rain,0.53
Niger,33.0,sunny,20.2,36,8.0,Clear,0.53
Nigeria,29.2,partly cloudy,7.2,67,7.0,Partly Cloudy,0.52
North Korea,19.0,sunny,18.4,27,5.0,Clear,0.6
Macedonia,13.0,moderate rain,3.6,88,3.0,Rain,0.61
Norway,18.0,sunny,13.0,49,5.0,Clear,0.72
Oman,33.0,sunny,19.1,56,8.0,Clear,0.55
Pakistan,38.2,sunny,11.9,15,9.0,Clear,0.58
Palau,31.0,partly cloudy,11.2,75,1.0,Partly Cloudy,0.52
Panama,26.0,overcast,3.6,94,1.0,Cloudy,0.52
Papua New Guinea,26.2,light rain shower,15.8,90,1.0,Rain,0.49
Paraguay,14.1,clear,11.2,79,1.0,Clear,0.47
Peru,16.6,partly cloudy,11.9,89,1.0,Partly Cloudy,0.48
Philippines,35.0,partly cloudy,3.6,56,8.0,Partly Cloudy,0.53
Poland,18.0,sunny,31.0,34,5.0,Clear,0.66
Portugal,16.0,partly cloudy,11.2,77,4.0,Partly Cloudy,0.6
Qatar,37.0,sunny,19.1,37,9.0,Clear,0.56
Romania,18.0,sunny,19.1,26,5.0,Clear,0.62
Russia,18.0,sunny,19.1,42,4.0,Clear,0.68
Rwanda,25.0,partly cloudy,9.0,61,6.0,Partly Cloudy,0.5
Saint Kitts And Nevis,27.0,clear,13.0,79,1.0,Clear,0.54
Saint Lucia,28.0,partly cloudy,20.2,84,1.0,Partly Cloudy,0.53
Saint Vincent And The Grenadines,28.0,partly cloudy,20.2,84,1.0,Partly Cloudy,0.53
Samoa,26.0,partly cloudy,6.1,94,1.0,Partly Cloudy,0.48
San Marino,18.0,overcast,3.6,88,4.0,Cloudy,0.62
Saudi Arabia,39.0,sunny,15.1,7,9.0,Clear,0.56
Senegal,22.0,partly cloudy,11.2,78,6.0,Partly Cloudy,0.53
Serbia,19.0,sunny,41.0,56,5.0,Clear,0.62
Seychelles Islands,27.0,light rain,20.2,89,7.0,Rain,0.5
Sierra Leone,27.4,partly cloudy,3.6,79,7.0,Partly Cloudy,0.52
Singapore,26.0,partly cloudy,4.0,89,6.0,Partly Cloudy,0.51
Slovakia,17.0,partly cloudy,25.9,55,4.0,Partly Cloudy,0.64
Slovenia,16.0,partly cloudy,16.9,82,3.0,Partly Cloudy,0.63
Solomon Islands,26.9,patchy rain nearby,15.8,87,1.0,Rain,0.49
Somalia,30.0,partly cloudy,22.0,89,7.0,Partly Cloudy,0.51
South Africa,20.0,sunny,6.1,35,7.0,Clear,0.45
South Korea,19.0,sunny,15.1,35,5.0,Clear,0.59
Sudan,30.3,sunny,33.1,10,8.0,Clear,0.53
Spain,14.0,sunny,19.1,47,4.0,Clear,0.6
Sri Lanka,26.0,moderate or heavy rain with thunder,6.1,94,6.0,Thunderstorm,0.52
Suriname,24.4,mist,7.6,96,1.0,Fog,0.52
Sweden,20.0,sunny,11.2,40,5.0,Clear,0.71
Switzerland,14.0,partly cloudy,3.6,82,3.0,Partly Cloudy,0.63
Syria,24.0,sunny,3.6,31,6.0,Clear,0.58
Tajikistan,29.0,partly cloudy,3.6,37,6.0,Partly Cloudy,0.6
Tanzania,25.0,partly cloudy,19.1,57,8.0,Partly Cloudy,0.49
Timor-Leste,28.0,patchy rain nearby,14.4,77,7.0,Rain,0.49
Tonga,23.0,moderate rain,33.1,100,1.0,Rain,0.46
Trinidad And Tobago,26.0,partly cloudy,3.6,89,1.0,Partly Cloudy,0.53
Tunisia,24.0,partly cloudy,19.1,57,6.0,Partly Cloudy,0.59
Turkmenistan,23.0,partly cloudy,6.8,69,5.0,Partly Cloudy,0.59
Tuvalu,26.0,moderate rain at times,20.2,100,1.0,Rain,0.49
Uganda,25.7,patchy rain nearby,3.6,60,6.0,Rain,0.51
Ukraine,13.8,patchy rain nearby,13.0,53,3.0,Rain,0.65
United Arab Emirates,39.0,sunny,11.2,19,8.0,Clear,0.56
United Kingdom,14.0,partly cloudy,4.0,88,3.0,Partly Cloudy,0.65
United States Of America,16.1,clear,6.8,58,1.0,Clear,0.63
Uruguay,6.0,clear,9.0,87,1.0,Clear,0.43
Uzbekistan,22.0,partly cloudy,15.1,73,5.0,Partly Cloudy,0.61
Vanuatu,25.0,partly cloudy,13.0,83,1.0,Partly Cloudy,0.47
Venezuela,26.0,partly cloudy,3.6,84,1.0,Partly Cloudy,0.53
Vietnam,30.0,partly cloudy,6.8,62,6.0,Partly Cloudy,0.55
Yemen,25.7,patchy rain nearby,12.6,27,6.0,Rain,0.54
Zambia,21.8,sunny,14.4,46,7.0,Clear,0.48
Zimbabwe,20.2,sunny,9.7,37,7.0,Clear,0.47
Colombia,13.5,patchy rain nearby,4.7,80,3.0,Rain,0.52
Usa United States Of America,18.2,sunny,6.8,43,5.0,Clear,0.62
Lao People'S Democratic Republic,25.0,light rain shower,9.0,95,1.0,Rain,0.55
Libya,27.0,sunny,31.7,74,7.0,Clear,0.6
Kosovo,29.3,patchy rain nearby,9.4,42,6.0,Rain,0.64
Togo,27.9,light rain shower,19.1,74,6.0,Rain,0.52
Komoren,25.2,partly cloudy,24.8,71,8.0,Partly Cloudy,0.48
Estonie,23.3,partly cloudy,16.9,61,6.0,Partly Cloudy,0.75
Inde,31.2,mist,6.8,71,9.0,Fog,0.58
Letonia,20.6,light rain shower,13.3,94,5.0,Rain,0.72
Mexique,27.4,partly cloudy,15.1,72,7.0,Partly Cloudy,0.55
Marrocos,40.3,sunny,16.9,14,10.0,Clear,0.59
Saint-Vincent-Et-Les-Grenadines,27.8,patchy rain nearby,27.0,82,6.0,Rain,0.53
Saudi Arabien,45.0,sunny,24.5,7,11.0,Clear,0.56
Jemen,26.1,patchy light drizzle,14.8,34,6.0,Rain,0.54
Cote D'Ivoire,21.8,cloudy,9.0,81,1.4,Cloudy,0.51
