country,Mid_range_meal_pp,One_way_local_transport_ticket,Apartment,temperature_celsius,wind_kph,uv_index,condition_text,condition_category,condition_score,Disaster_Count,Median_Severity,Unique_Days_Under_Threat
Afghanistan,3.41,0.22,79.9,18.754246575342467,10.34,4.694794520547945,sunny,Clear,5,6.0,0.5,22.0
Albania,12.48,0.43,186.79,21.625479452054797,9.776438356164384,4.181095890410958,sunny,Clear,5,1.0,0.0,7.0
Algeria,6.66,0.21,143.88,22.275068493150684,14.09068493150685,3.846849315068493,partly cloudy,Partly Cloudy,4,5.0,0.25,8.0
Andorra,20.17,1.9,811.73,10.402191780821918,9.05013698630137,2.7986301369863016,sunny,Clear,5,0.0,0.0,0.0
Angola,32.12,0.59,220.39,27.37123287671233,11.057808219178082,6.942191780821919,partly cloudy,Partly Cloudy,4,2.0,1.0,11.0
Antigua And Barbuda,46.26,1.02,393.905,26.745479452054795,22.95095890410959,2.157260273972603,partly cloudy,Partly Cloudy,4,0.0,0.0,0.0
Argentina,13.76,0.35,205.32,15.151780821917807,10.493972602739726,1.733698630136986,sunny,Clear,5,4.0,0.5,62.0
Armenia,15.84,0.25,540.26,18.325205479452052,7.9104109589041105,4.78054794520548,partly cloudy,Partly Cloudy,4,2.0,0.5,6.0
Australia,31.15,2.75,1142.78,12.974246575342466,10.60027397260274,0.4175342465753425,clear,Clear,5,8.0,0.25,27.0
Austria,28.49,2.41,707.55,14.38958904109589,14.013972602739727,3.2986301369863016,partly cloudy,Partly Cloudy,4,2.0,0.0,9.0
Azerbaijan,9.42,0.18,140.75,18.693972602739727,23.57917808219178,4.374520547945205,sunny,Clear,5,0.0,0.0,0.0
Bahrain,21.66,0.78,918.16,29.94356164383561,19.795890410958904,6.853424657534247,sunny,Clear,5,0.0,0.0,0.0
Bangladesh,3.59,0.41,75.12,31.10410958904109,14.246027397260274,3.043835616438356,sunny,Clear,5,8.0,0.625,61.0
Barbados,47.56,1.75,540.0,27.36054794520548,24.054246575342464,2.190958904109589,partly cloudy,Partly Cloudy,4,1.0,0.25,2.0
Belarus,16.26,0.37,213.48,11.80958904109589,17.331232876712328,2.90986301369863,partly cloudy,Partly Cloudy,4,1.0,0.25,4.0
Belgium,35.99,2.66,769.22,17.903013698630136,15.654520547945204,3.917534246575343,partly cloudy,Partly Cloudy,4,3.0,0.0,14.0
Belize,15.92,1.59,343.89,22.846301369863014,4.812328767123288,1.893150684931507,fog,Fog,2,0.0,0.0,0.0
Benin,13.06,1.58,192.0,29.649315068493152,13.403561643835618,5.381917808219178,partly cloudy,Partly Cloudy,4,2.0,0.125,2.0
Bhutan,9.18,1.87,131.43,11.925205479452057,7.293150684931507,2.444383561643836,patchy rain nearby,Rain,1,0.0,0.0,0.0
Bolivia,6.35,0.3,304.27,18.3627397260274,5.453972602739726,4.249315068493151,sunny,Clear,5,0.0,0.0,0.0
Bosnia And Herzegovina,11.07,1.17,158.4,15.444657534246575,7.67945205479452,3.5016438356164383,partly cloudy,Partly Cloudy,4,0.0,0.0,0.0
Botswana,16.34,0.48,204.07,26.455890410958904,13.033972602739723,8.88958904109589,sunny,Clear,5,1.0,1.0,306.0
Brazil,11.05,0.86,228.58,25.24109589041096,4.769589041095891,2.909041095890411,sunny,Clear,5,18.0,0.5,311.0
Bulgaria,13.26,0.76,223.73,26.71917808219178,12.721643835616437,6.242465753424658,sunny,Clear,5,4.0,0.125,14.0
Burkina Faso,11.88,0.32,395.87,30.73095890410959,16.737260273972602,5.507945205479452,sunny,Clear,5,2.0,0.25,46.0
Burundi,10.52,0.24,272.41,27.067123287671237,18.08876712328767,9.196438356164384,partly cloudy,Partly Cloudy,4,2.0,0.375,76.0
Cambodia,11.9,1.3,399.33,31.10958904109589,11.593424657534248,1.5273972602739727,partly cloudy,Partly Cloudy,4,1.0,1.0,3.0
Cameroon,10.18,1.24,106.38,26.30328767123288,9.115342465753423,6.594246575342466,sunny,Clear,5,5.0,0.25,7.0
Canada,31.11,2.29,1103.63,5.58986301369863,11.624109589041096,1.6,partly cloudy,Partly Cloudy,4,5.0,0.25,19.0
Chad,15.84,0.79,1103.64,32.31150684931507,17.75890410958904,7.360821917808218,sunny,Clear,5,1.0,0.25,1.0
Chile,17.96,0.61,373.26,10.85013698630137,4.587397260273973,1.4005479452054794,sunny,Clear,5,5.0,1.0,51.0
China,10.36,0.3,317.95,16.670684931506848,10.186849315068493,0.8619178082191782,clear,Clear,5,29.0,0.25,365.0
Colombia,7.24,0.5,168.93,18.3,5.6,4.0,mist,Fog,2,5.0,0.25,37.0
Costa Rica,17.63,0.9,372.44,19.124109589041097,7.441643835616438,1.526027397260274,partly cloudy,Partly Cloudy,4,1.0,1.0,46.0
Croatia,17.22,1.49,329.75,16.16958904109589,8.175342465753424,3.573150684931507,sunny,Clear,5,3.0,0.25,13.0
Cuba,13.48,0.3,276.66,23.28219178082192,15.21835616438356,2.317808219178082,partly cloudy,Partly Cloudy,4,3.0,0.0,6.0
Cyprus,24.67,1.71,643.93,25.484383561643835,14.624383561643835,5.531780821917808,partly cloudy,Partly Cloudy,4,1.0,0.0,7.0
Denmark,42.95,3.7,961.43,11.824657534246576,19.30986301369863,2.3863013698630136,partly cloudy,Partly Cloudy,4,1.0,0.0,7.0
Djibouti,33.34,0.42,805.72,31.86575342465753,17.747671232876712,8.990136986301371,sunny,Clear,5,0.0,0.0,0.0
Dominica,30.0,1.3,345.2,26.903561643835616,15.403287671232876,2.217260273972603,patchy rain nearby,Rain,1,0.0,0.0,0.0
Dominican Republic,19.66,0.89,300.99,24.292602739726025,9.936712328767124,2.2164383561643834,partly cloudy,Partly Cloudy,4,4.0,1.0,15.0
Ecuador,14.56,0.33,347.17,10.673150684931509,4.943013698630137,1.632876712328767,sunny,Clear,5,4.0,1.0,121.0
Egypt,6.54,0.16,111.56,27.403561643835616,16.04739726027397,6.542191780821918,sunny,Clear,5,1.0,0.25,1.0
El Salvador,10.72,0.25,633.33,23.153424657534245,4.983835616438356,1.8027397260273967,clear,Clear,5,2.0,0.125,5.0
Equatorial Guinea,21.78,1.58,277.11,28.01287671232877,8.402465753424657,5.677260273972602,partly cloudy,Partly Cloudy,4,1.0,0.25,73.0
Eritrea,10.0,0.22,650.0,21.435068493150684,11.487123287671231,8.30082191780822,sunny,Clear,5,0.0,0.0,0.0
Estonia,22.83,0.91,298.52,10.40027397260274,18.60767123287671,2.3386301369863016,partly cloudy,Partly Cloudy,4,1.0,0.0,7.0
Ethiopia,10.27,0.19,387.3,21.18904109589041,12.894520547945206,8.844383561643836,partly cloudy,Partly Cloudy,4,2.0,1.0,54.0
Finland,38.55,3.34,699.93,10.183561643835615,17.81013698630137,2.363835616438356,partly cloudy,Partly Cloudy,4,1.0,0.0,7.0
France,27.22,1.69,698.65,14.094520547945203,12.792328767123289,2.7230136986301368,sunny,Clear,5,9.0,0.25,21.0
Gabon,39.58,0.55,851.12,28.102191780821915,9.97068493150685,5.988493150684932,partly cloudy,Partly Cloudy,4,2.0,0.375,3.0
Georgia,14.65,0.2,314.47,18.094520547945205,11.40876712328767,4.27041095890411,sunny,Clear,5,2.0,0.5,3.0
Germany,26.19,2.9,696.04,13.76904109589041,14.737534246575342,3.014246575342466,sunny,Clear,5,4.0,0.0,15.0
Ghana,5.72,0.3,348.34,28.699178082191786,15.116986301369865,5.25013698630137,partly cloudy,Partly Cloudy,4,2.0,0.625,13.0
Greece,20.26,1.23,455.31,22.914520547945205,15.327123287671233,4.8183561643835615,partly cloudy,Partly Cloudy,4,7.0,0.25,29.0
Guatemala,14.94,0.61,408.97,17.18849315068493,7.002191780821918,1.4876712328767123,partly cloudy,Partly Cloudy,4,3.0,1.0,12.0
Guinea,15.0,0.9,540.38,26.954794520547942,10.905479452054797,3.739452054794521,partly cloudy,Partly Cloudy,4,2.0,1.0,7.0
Guinea-Bissau,7.51,0.79,341.22,26.96684931506849,12.118082191780823,3.834246575342466,sunny,Clear,5,1.0,0.5,1.0
Guyana,24.96,0.57,329.0,25.0972602739726,8.964931506849315,2.23972602739726,partly cloudy,Partly Cloudy,4,0.0,0.0,0.0
Haiti,30.93,0.5,523.86,22.588219178082195,8.601917808219177,2.452054794520548,clear,Clear,5,2.0,0.5,7.0
Honduras,13.8,0.71,293.45,18.950410958904108,6.365479452054795,1.6054794520547946,partly cloudy,Partly Cloudy,4,4.0,0.625,307.0
Hungary,14.95,0.84,304.48,15.88027397260274,11.563287671232878,3.5657534246575344,sunny,Clear,5,1.0,0.0,7.0
Iceland,42.41,2.81,1254.03,5.742739726027397,28.513698630136982,1.1191780821917807,partly cloudy,Partly Cloudy,4,2.0,0.25,62.0
India,5.22,0.3,110.05,31.15123287671233,10.25068493150685,3.8676712328767127,mist,Fog,2,25.0,0.25,104.0
Indonesia,6.33,0.34,197.1,26.489589041095893,9.964931506849316,1.96,patchy rain nearby,Rain,1,18.0,0.5,315.0
Iran,13.47,0.37,711.18,27.49945205479452,15.93945205479452,6.615616438356164,sunny,Clear,5,0.0,0.0,0.0
Iraq,8.97,0.46,280.6,30.48328767123288,17.13972602739726,6.63945205479452,sunny,Clear,5,3.0,0.25,7.0
Ireland,37.89,2.93,1212.99,11.589315068493152,16.605205479452053,1.9304109589041096,partly cloudy,Partly Cloudy,4,1.0,0.0,7.0
Israel,39.78,1.65,1009.44,24.111780821917804,16.67287671232877,5.8832876712328765,sunny,Clear,5,0.0,0.0,0.0
Italy,28.26,1.53,559.0,20.415342465753422,11.536712328767122,4.088767123287672,sunny,Clear,5,13.0,0.0,306.0
Jamaica,19.12,0.96,294.8,27.05369863013699,8.363835616438356,2.372602739726027,partly cloudy,Partly Cloudy,4,0.0,0.0,0.0
Japan,15.19,1.71,535.8,18.583287671232878,17.29013698630137,0.4334246575342465,partly cloudy,Partly Cloudy,4,7.0,0.25,17.0
Jordan,13.24,0.67,215.73,23.076986301369864,17.89232876712329,6.042739726027397,sunny,Clear,5,1.0,0.5,20.0
Kazakhstan,10.82,0.18,208.46,8.631780821917808,18.42410958904109,2.9597260273972603,partly cloudy,Partly Cloudy,4,1.0,0.25,8.0
Kenya,10.05,0.68,138.2,23.555068493150685,13.545479452054796,10.136438356164383,partly cloudy,Partly Cloudy,4,5.0,1.0,16.0
Kuwait,21.14,1.06,755.31,31.82328767123288,16.31972602739726,6.92027397260274,sunny,Clear,5,0.0,0.0,0.0
Latvia,17.09,0.8,261.97,11.674794520547946,14.557808219178083,2.6684931506849314,sunny,Clear,5,2.0,0.125,11.0
Lebanon,21.25,1.47,478.12,23.56931506849315,13.937534246575344,5.287123287671233,partly cloudy,Partly Cloudy,4,1.0,1.0,7.0
Lesotho,11.66,0.47,292.75,21.507123287671234,14.63808219178082,8.343287671232877,sunny,Clear,5,2.0,0.625,313.0
Liberia,22.5,3.0,1312.5,27.270958904109587,10.055068493150683,4.073424657534247,partly cloudy,Partly Cloudy,4,2.0,0.625,5.0
Libya,8.82,0.87,143.99,27.0,31.7,7.0,sunny,Clear,5,2.0,0.5,3.0
Liechtenstein,47.99,4.6,1267.62,11.078082191780824,7.657808219178082,2.7156164383561645,partly cloudy,Partly Cloudy,4,1.0,0.0,7.0
Lithuania,16.84,0.83,345.97,11.532876712328768,15.411780821917809,2.856986301369863,sunny,Clear,5,1.0,0.0,7.0
Luxembourg,32.45,0.0,1473.27,11.62054794520548,14.35890410958904,2.522191780821918,partly cloudy,Partly Cloudy,4,1.0,0.0,7.0
Madagascar,6.8,0.16,251.06,25.848219178082196,13.212602739726028,8.114520547945206,sunny,Clear,5,4.0,0.625,20.0
Malawi,14.78,0.48,253.8,25.912054794520547,12.704931506849316,9.637808219178083,partly cloudy,Partly Cloudy,4,2.0,0.5,4.0
Malaysia,8.03,0.6,286.4,28.815068493150687,5.730684931506849,1.703013698630137,partly cloudy,Partly Cloudy,4,6.0,1.0,56.0
Maldives,13.0,0.65,855.01,28.10794520547945,19.06684931506849,6.037260273972603,patchy rain nearby,Rain,1,1.0,0.25,46.0
Mali,25.84,4.67,1000.0,29.19232876712329,12.1786301369863,4.783287671232877,sunny,Clear,5,2.0,0.375,47.0
Malta,33.7,1.79,845.58,22.810410958904107,19.9413698630137,4.292602739726028,partly cloudy,Partly Cloudy,4,1.0,0.0,7.0
Marshall Islands,22.0,2.0,1116.67,28.184931506849317,22.51232876712329,0.4054794520547945,overcast,Cloudy,3,0.0,0.0,0.0
Mauritania,13.5,0.56,280.67,24.302465753424656,21.33178082191781,3.8372602739726025,sunny,Clear,5,1.0,0.5,2.0
Mauritius,17.18,0.79,229.1,26.84767123287671,18.696438356164386,8.023561643835617,partly cloudy,Partly Cloudy,4,1.0,0.5,2.0
Mexico,13.6,0.53,344.19,14.240821917808216,5.998356164383562,0.8438356164383561,clear,Clear,5,9.0,0.25,12.0
Monaco,77.9,2.08,5411.9,18.585479452054795,10.58027397260274,3.2405479452054795,partly cloudy,Partly Cloudy,4,0.0,0.0,0.0
Mongolia,8.76,0.07,183.6,2.6810958904109587,8.501917808219178,1.029315068493151,partly cloudy,Partly Cloudy,4,4.0,0.75,20.0
Montenegro,13.48,1.16,362.26,20.063561643835616,7.53041095890411,3.96986301369863,partly cloudy,Partly Cloudy,4,1.0,0.0,7.0
Morocco,8.6,0.44,215.18,20.518630136986303,13.737808219178085,3.3917808219178083,partly cloudy,Partly Cloudy,4,4.0,0.125,4.0
Mozambique,30.58,0.23,729.1,27.445753424657536,15.01917808219178,8.406301369863014,partly cloudy,Partly Cloudy,4,4.0,1.0,312.0
Myanmar,7.5,6.07,366.52,30.44383561643836,10.96,1.6057534246575342,partly cloudy,Partly Cloudy,4,6.0,0.75,15.0
Namibia,17.88,0.7,406.82,25.457534246575342,17.76986301369863,9.137808219178083,sunny,Clear,5,1.0,0.5,5.0
Nepal,7.09,0.27,69.53,22.274246575342467,8.103835616438356,1.9389041095890407,partly cloudy,Partly Cloudy,4,5.0,0.5,53.0
Netherlands,32.59,3.45,1093.86,13.113150684931508,16.705205479452054,2.5306849315068494,partly cloudy,Partly Cloudy,4,0.0,0.0,0.0
New Zealand,32.72,2.14,836.77,13.544109589041096,23.4986301369863,0.4054794520547945,clear,Clear,5,3.0,0.5,16.0
Nicaragua,11.92,0.28,176.77,24.37452054794521,9.763561643835615,2.054794520547945,partly cloudy,Partly Cloudy,4,1.0,0.25,1.0
Niger,15.19,0.32,533.06,31.880273972602737,19.112876712328767,6.089315068493151,sunny,Clear,5,1.0,1.0,5.0
Nigeria,6.88,0.3,625.84,29.79808219178082,8.181095890410958,5.919726027397259,partly cloudy,Partly Cloudy,4,12.0,0.0,242.0
North Korea,10.24,0.65,393.905,12.302739726027395,11.035890410958904,0.6309589041095891,clear,Clear,5,0.0,0.0,0.0
Norway,42.57,3.82,927.18,7.935068493150686,14.411780821917809,2.283835616438356,sunny,Clear,5,1.0,0.0,7.0
Oman,12.52,1.49,383.43,31.48109589041096,15.954246575342466,7.212328767123288,sunny,Clear,5,0.0,0.0,0.0
Pakistan,5.09,0.18,70.48,28.87616438356164,10.32027397260274,5.126301369863014,sunny,Clear,5,18.0,0.25,118.0
Panama,16.45,0.36,606.79,25.596986301369864,7.432054794520547,2.108493150684932,partly cloudy,Partly Cloudy,4,1.0,0.25,1.0
Papua New Guinea,22.25,0.57,5076.75,26.375890410958903,13.109041095890412,0.4068493150684931,partly cloudy,Partly Cloudy,4,1.0,1.0,1.0
Paraguay,10.65,0.49,309.38,21.48164383561644,10.388767123287671,2.35972602739726,sunny,Clear,5,2.0,0.75,21.0
Peru,8.22,0.35,244.52,17.818082191780825,8.19890410958904,1.83013698630137,partly cloudy,Partly Cloudy,4,13.0,0.25,98.0
Philippines,8.5,0.28,239.16,29.76986301369863,13.029863013698629,0.8452054794520548,partly cloudy,Partly Cloudy,4,19.0,1.0,120.0
Poland,13.97,0.79,425.9,13.88082191780822,14.32986301369863,3.276164383561644,sunny,Clear,5,1.0,0.0,7.0
Portugal,17.58,1.7,633.97,18.05178082191781,15.57123287671233,3.1002739726027397,partly cloudy,Partly Cloudy,4,2.0,0.25,12.0
Qatar,24.03,0.55,1435.58,32.45972602739726,19.238630136986306,7.298356164383562,sunny,Clear,5,0.0,0.0,0.0
Romania,13.83,0.55,260.99,17.49342465753425,12.37945205479452,4.148767123287671,sunny,Clear,5,3.0,0.0,11.0
Russia,19.26,0.52,393.1,11.468767123287671,14.742465753424655,3.1035616438356164,sunny,Clear,5,0.0,0.0,0.0
Rwanda,15.25,0.32,428.83,25.72246575342466,7.616986301369862,9.665479452054797,partly cloudy,Partly Cloudy,4,2.0,0.5,4.0
Saint Kitts And Nevis,46.26,1.11,610.53,27.02794520547945,24.507123287671234,2.20027397260274,partly cloudy,Partly Cloudy,4,0.0,0.0,0.0
Saint Lucia,31.45,0.93,478.76,27.291780821917808,19.866301369863013,2.303287671232877,partly cloudy,Partly Cloudy,4,0.0,0.0,0.0
Saint Vincent And The Grenadines,32.38,0.74,342.27,27.67287671232877,25.26821917808219,2.257808219178082,patchy rain nearby,Rain,1,0.0,0.0,0.0
Samoa,14.94,2.15,1073.79,25.70986301369863,19.22219178082192,0.4071232876712328,partly cloudy,Partly Cloudy,4,0.0,0.0,0.0
San Marino,27.18,2.08,532.33,17.8413698630137,12.90931506849315,3.476438356164384,sunny,Clear,5,0.0,0.0,0.0
Saudi Arabia,18.31,0.84,359.62,32.201369863013696,16.525753424657534,7.996712328767123,sunny,Clear,5,1.0,0.25,1.0
Senegal,19.6,0.36,448.44,25.08164383561644,20.82109589041096,3.6347945205479455,sunny,Clear,5,3.0,0.0,4.0
Serbia,10.44,0.85,189.85,17.244657534246574,12.77068493150685,3.9649315068493154,sunny,Clear,5,5.0,0.25,27.0
Sierra Leone,15.0,0.15,1438.66,26.913150684931505,9.64986301369863,3.7936986301369866,partly cloudy,Partly Cloudy,4,1.0,0.25,5.0
Singapore,30.03,1.46,2660.73,29.0,13.105205479452051,1.703013698630137,partly cloudy,Partly Cloudy,4,0.0,0.0,0.0
Slovakia,14.48,0.83,441.58,14.884383561643835,15.113972602739729,3.3734246575342466,sunny,Clear,5,2.0,0.0,7.0
Slovenia,17.82,1.42,415.75,14.65808219178082,7.3742465753424655,3.1843835616438354,partly cloudy,Partly Cloudy,4,3.0,0.5,9.0
Solomon Islands,27.36,0.36,587.72,26.336164383561645,8.667123287671233,0.4054794520547945,partly cloudy,Partly Cloudy,4,1.0,1.0,2.0
Somalia,9.33,1.46,203.34,29.144657534246573,27.655342465753428,9.402739726027397,partly cloudy,Partly Cloudy,4,6.0,1.0,99.0
South Africa,15.56,1.35,350.23,23.46849315068493,12.766575342465751,8.55917808219178,sunny,Clear,5,12.0,0.25,36.0
South Korea,14.79,1.01,372.7,14.50219178082192,10.035890410958904,0.6356164383561644,clear,Clear,5,0.0,0.0,0.0
Spain,21.32,1.56,651.58,17.300273972602742,11.432054794520548,3.60986301369863,sunny,Clear,5,7.0,0.0,306.0
Sri Lanka,3.44,0.17,81.11,29.867123287671237,16.34,3.5767123287671234,partly cloudy,Partly Cloudy,4,5.0,0.5,49.0
Sudan,10.0,0.45,293.96,34.07068493150685,17.74027397260274,8.297534246575342,sunny,Clear,5,0.0,0.0,0.0
Suriname,40.0,0.44,394.71,24.952328767123287,9.326027397260274,2.36,partly cloudy,Partly Cloudy,4,1.0,0.0,1.0
Swaziland,5.93,1.17,285.14,23.696164383561644,10.361917808219175,8.047123287671232,sunny,Clear,5,0.0,0.0,0.0
Sweden,32.07,2.82,717.9,10.9813698630137,15.384657534246577,2.4983561643835617,sunny,Clear,5,1.0,0.0,7.0
Switzerland,54.42,3.86,1450.99,12.844931506849314,7.469315068493151,2.775616438356165,partly cloudy,Partly Cloudy,4,3.0,0.0,11.0
Syria,8.87,0.1,134.46,24.26493150684932,15.88164383561644,6.102739726027397,sunny,Clear,5,0.0,0.0,0.0
Tajikistan,5.52,0.3,388.58,21.80520547945205,7.271780821917807,4.365753424657535,sunny,Clear,5,2.0,0.25,5.0
Tanzania,13.2,0.32,248.32,27.44301369863014,11.836712328767122,10.473698630136989,partly cloudy,Partly Cloudy,4,0.0,0.0,0.0
Thailand,11.08,0.6,203.17,29.22082191780822,8.614794520547946,1.916438356164384,partly cloudy,Partly Cloudy,4,5.0,0.5,11.0
Timor-Leste,20.0,0.25,680.0,25.974520547945207,8.683013698630138,0.82986301369863,patchy rain nearby,Rain,1,0.0,0.0,0.0
Togo,9.94,0.79,255.34,27.9,19.1,6.0,light rain shower,Rain,1,0.0,0.0,0.0
Tonga,24.88,0.79,393.905,23.72986301369863,21.70739726027397,0.4054794520547945,partly cloudy,Partly Cloudy,4,0.0,0.0,0.0
Trinidad And Tobago,34.05,1.37,389.14,25.85780821917808,11.216164383561644,2.3917808219178083,partly cloudy,Partly Cloudy,4,0.0,0.0,0.0
Tunisia,6.69,0.22,129.2,23.581917808219178,15.792876712328766,4.442191780821919,partly cloudy,Partly Cloudy,4,5.0,0.25,7.0
Turkey,6.69,0.35,168.26,26.930958904109588,17.2427397260274,6.267123287671233,sunny,Clear,5,0.0,0.0,0.0
Turkmenistan,65.53,0.17,537.75,23.030958904109585,13.40027397260274,5.159452054794521,partly cloudy,Partly Cloudy,4,0.0,0.0,0.0
Tuvalu,5.2,0.79,113.43,28.68712328767123,17.26958904109589,0.4054794520547945,partly cloudy,Partly Cloudy,4,0.0,0.0,0.0
Uganda,8.16,0.57,147.63,26.587945205479453,11.155068493150685,8.905753424657535,partly cloudy,Partly Cloudy,4,4.0,0.0,28.0
Ukraine,7.54,0.26,217.53,14.21890410958904,14.507397260273972,3.572054794520548,sunny,Clear,5,3.0,0.25,4.0
United Arab Emirates,22.57,1.98,2218.8,32.36657534246575,17.586575342465753,7.102465753424657,sunny,Clear,5,1.0,0.25,1.0
United Kingdom,31.36,3.45,986.89,12.934246575342463,14.293698630136983,2.415890410958904,partly cloudy,Partly Cloudy,4,0.0,0.0,0.0
Uruguay,23.9,1.24,414.82,14.952602739726029,15.454794520547946,1.8104109589041093,sunny,Clear,5,3.0,0.5,314.0
Uzbekistan,11.24,0.18,205.28,21.792328767123287,10.426027397260274,4.491780821917808,sunny,Clear,5,1.0,0.25,2.0
Vanuatu,26.58,1.23,1071.55,24.28054794520548,15.044383561643835,0.4027397260273972,partly cloudy,Partly Cloudy,4,3.0,1.0,7.0
Vatican City,15.58,1.04,882.89,20.41123287671233,11.786301369863011,4.106027397260274,sunny,Clear,5,0.0,0.0,0.0
Venezuela,16.53,0.63,183.46,23.28876712328767,5.490684931506849,2.0273972602739727,clear,Clear,5,0.0,0.0,0.0
Vietnam,9.7,0.29,303.5,27.410958904109588,8.346027397260274,1.6263013698630138,patchy rain nearby,Rain,1,0.0,0.0,0.0
Yemen,15.34,0.6,162.36,23.26493150684932,12.878356164383565,8.975068493150685,sunny,Clear,5,4.0,0.25,10.0
Zambia,9.18,1.45,262.01,26.335890410958903,12.570410958904109,9.33945205479452,sunny,Clear,5,6.0,0.625,60.0
Zimbabwe,19.0,0.55,222.31,25.33068493150685,10.72931506849315,9.745753424657536,sunny,Clear,5,2.0,0.25,139.0
