country,Holiday_Index_PCA,PC1,PC2,PC3,PC4,PC5,PC6,PC7
Afghanistan,0.5436600247685612,-1.6735893851419283,-0.3140192310261089,-0.9216345303439708,0.2721197646337374,0.2492030975687344,0.1352231325354972,-0.140203766658187
Albania,0.7696080009552136,-0.3354909154715979,0.3655816133891049,-1.2909360100508571,-0.0477497353088918,-0.7790152230886855,0.0117135056021947,-0.0877050153477553
Algeria,0.6465133597743947,-1.0702791478372669,0.2822604800237182,-0.8170257612106577,-0.2575282220140933,0.1265373284029257,-0.5553016604351747,0.1427245229938572
Andorra,0.8577548377130157,1.548849920369593,-0.9850922869759,-1.2924411825641855,0.0684940346084059,-0.3968901599116267,0.7230307100827865,-0.3426392047627544
Angola,0.5600055899326929,-0.8480821003110951,0.6807027471252756,0.9522927556009024,1.506612975867081,0.7307887757134154,0.9298177481003322,-0.3886523261102839
Antigua And Barbuda,0.9169523471968013,1.958943032928427,1.085600823804623,0.6293277770053319,-1.035104401763538,0.5336372078906089,-1.211859494328523,-0.0756454927895327
Argentina,0.5436403699264643,-0.7455394184742351,-1.2109103319310932,-0.9381434242066832,0.3155040103206887,0.5615801034286615,-0.3032045541031927,-0.5826994202671966
Armenia,0.6226520022549602,-0.5898015433303005,-0.1943843232774105,-0.7340486612923128,1.1061826077584571,-0.1874386542446856,0.3424069613129085,-0.6601783522828836
Australia,0.7101389390615457,1.7505849138702725,-2.465521784867366,0.2181592522010464,-0.0487865143678355,0.098645029060637,0.1388376142591006,0.6676154109460004
Austria,0.8843004326972402,1.8335538904086568,-0.6434031138129919,-0.3009471965647769,-0.6696100115884338,0.0002612071021252,0.6308564586873409,0.0860733316418496
Azerbaijan,0.8323965994734092,0.0902405507072314,1.5074159902236155,-0.904042503782821,-1.3798036878390405,0.8836229589094056,-0.9116186131793496,-0.694278460656117
Bahrain,0.8694735743871158,0.541965463498171,2.091626788587848,0.7859912092359062,-0.4495376633281273,-0.4901762290956278,-0.3952036180178804,-0.0287519118691888
Bangladesh,0.45745859715405224,-2.1823408623483456,0.0044465736543093,0.3163954436282655,0.1426252194666556,0.5994399081734954,-0.8173672017588471,1.0366739539732257
Barbados,0.8750863621856159,2.0991490353588182,0.8363783820607105,1.298388737563668,-0.7901961689265243,1.1480377784710465,-0.8699995484673712,0.3143352327016899
Belarus,0.7415158165679839,0.3216666342789477,-0.0144767038099311,-1.2466398812502697,-0.4954380534713124,0.9716530417823512,-0.4207329472316437,-1.039738547701855
Belgium,0.900510863341519,2.058792515134364,-0.4114552489173484,0.4458924737522549,-0.8653005603030128,-0.0573597323252369,0.6370131090515209,0.307262757215813
Belize,0.808419873441833,0.4543740401662002,-0.5230225012897245,-1.4226892838878544,0.5680596965859772,-1.0272153637897137,0.4182775030262494,0.8615734580101554
Benin,0.7973239564558197,-0.2703120100816719,1.030307063212043,-0.107179678476538,-0.2754799641272961,-0.3387392178568091,0.4390668335079639,1.0775629174761825
Bhutan,0.8298972676929988,0.6038195323198301,-0.9166429033857164,-2.124600775752676,-0.1334381478174176,-0.2351321350428993,0.9627292941189948,0.1857896290421075
Bolivia,0.7548200909848855,-0.5043474941595057,0.0207102251519352,-1.929158725286236,0.4930999396521657,-1.1628139419858967,0.3412319754386993,-0.3041174839999145
Bosnia And Herzegovina,0.8092339481305758,0.2061156260420111,-0.3322229854153737,-1.8518788795996088,-0.0024145319647632,-0.556317823728705,0.6655506181649103,-0.0787100197218622
Botswana,0.3024884931104576,-2.719100282280935,-0.0996363131716659,2.3532920599925182,0.1033420930454551,0.5523620406414141,1.4252988064765169,-1.829059621242705
Brazil,0.1382701120488146,-3.380193425711083,-3.516468136847645,1.691084787995544,-0.9123063319086956,-1.086418453226074,-0.0963030537498328,0.399007170990592
Bulgaria,0.7299317990987249,-0.7746505916144933,0.8530869944251891,-0.170476555797896,-0.33733137018982,-0.6149684510667232,0.2332123841074249,0.3658051535217971
Burkina Faso,0.6820436424503138,-0.9390144996382336,1.363336055495282,0.3789073643204753,-0.2053668598353167,-0.1264173514988695,-0.5131312017784204,0.1553834790177465
Burundi,0.6505668362917221,-1.468292625792105,1.7652026164060837,0.7840233697613046,-0.5427421514039514,0.0689412353946115,0.4579704807827846,-0.7251441015193895
Cambodia,0.5342039174399068,-0.819581073243746,0.0751348817060607,0.2182284558728897,1.8734599300545511,1.3693573366557636,-0.174224658056164,1.2277695828885484
Cameroon,0.694119336463112,-1.0758421775194278,0.4365625493443795,-0.3087088428507594,0.0255692118582905,-0.6514008214516086,0.9114278372777112,0.7793542062089589
Canada,0.7532707350871345,2.0018808973295137,-2.204737681391153,-0.3569341603038527,-0.0945756208819801,0.3783248793745825,0.4595327892865248,-0.5053354354441616
Chad,0.7719159557228653,-0.0897280845500392,2.001888661640187,1.1123282369924272,0.2777303775451806,-0.4279278030569914,-0.2151082585796232,0.2413540881784805
Chile,0.4055292547361013,-0.8803754996087252,-2.350919994661021,-0.849207293733969,1.7317557847123817,0.9888182975613544,0.4480084465253439,-0.7564674692614456
China,0.0,-3.7520859442175607,-5.193884185920487,1.950351332179338,-2.7879090915017426,-0.9492069248016648,-1.572459978877939,0.0563636151298393
Colombia,0.6033276216518387,-1.1983938806415335,-0.8257117693079411,-1.2664453538295246,0.3321175977634285,-0.7053074944599823,0.3819129379392861,-0.040114670335549
Costa Rica,0.4814605616977807,-0.654449297614131,-1.2011214850601666,-0.4098060105776395,1.8723211051380209,1.1682575856729156,0.3325239895307254,-0.2127236445314662
Croatia,0.7208300667100707,0.1629206135842142,-0.8231734397810913,-0.9592048605152796,0.2086890174283257,-0.1927733762709463,0.7469081905785222,0.0837571400045793
Cuba,0.7491508172979251,-0.1553984613708257,0.3658002238651375,-0.9082471285632018,-0.5171304391763757,-0.169232691298537,-1.0551776566835855,0.1891079050381864
Cyprus,0.8717291134193522,0.8709335052758084,0.833797078874036,0.2588056981464697,-0.4125178825457364,-0.5601580228511387,0.4142272007293805,0.3871683533917159
Denmark,0.9990032465904485,3.5417319735741453,-0.8641791628145498,0.5130438566905854,-1.1972409036607754,0.807104424824467,0.8160799257009578,0.2124939756264098
Djibouti,0.8819517892833696,0.4802388298061082,2.4567256561968382,1.1806034346050798,-0.3112249086725093,-1.0700964622863771,0.0531071005683593,-0.4753297942326691
Dominica,0.8667065041056629,1.1077141065434748,0.5853806283187115,-0.2142161035671703,-0.3557431783057861,-0.1491395576650808,-0.5226060884876512,0.5436205138047586
Dominican Republic,0.4847874496166198,-0.881420878050073,-0.6879930948369561,0.1114065460307481,1.603419559668158,1.1911055828420145,0.033981511577161,0.4044661228782985
Ecuador,0.34224564257494994,-1.354670682813062,-2.45636565464903,-0.6461362065714416,1.4966832891285742,0.9361307761301668,0.4165901866874789,-1.2634005880570989
Egypt,0.7251544004182492,-1.122867759144387,1.7204512031900032,-0.4252620654389784,-0.1647113762265558,0.0317449390435722,-0.082710518240597,-0.0185203424640691
El Salvador,0.6748343368030213,-0.4225948252668654,-0.495461018993141,-1.3545476505631326,1.038493596262735,-1.150248692511498,-0.5332572148055409,0.2762827172261545
Equatorial Guinea,0.7152187624702482,-0.3300933088206558,0.2083340745063473,0.2872588811835406,0.2149031214730243,-0.785181087422659,1.0416864150121077,0.4023698216181203
Eritrea,0.8050382674605018,-0.4288446123494923,1.3955760363124388,-0.6402337531739164,0.0369739085522713,-1.1632360069316738,0.5813557671084085,-0.7809046095280339
Estonia,0.8414831798657255,1.2193840646006298,-0.2072675364616259,-1.1715799688580248,-1.1196432227716984,0.7338589665776085,-0.4338182336272793,-0.9221242904533212
Ethiopia,0.4849216822687299,-1.8510740016053595,0.787839626774996,0.5907448244324254,1.115165031701064,0.9145253988743868,1.1382256325588065,-1.1591424708516862
Finland,0.9715845937889835,3.069692876874625,-0.9520492823993152,-0.0429404853318192,-1.193759341611896,0.7835867078828056,0.8683504767364005,0.0416907433513601
France,0.6755285202838731,0.6825382590657265,-1.5546697909859448,0.0599669647168386,-0.4849688006610467,0.1221330426208029,0.0233617877299394,0.1375163058946209
Gabon,0.7247311121344562,0.4247795598395816,0.610432182676684,0.8763929039694713,1.0114103754883623,-0.8897432760517264,0.1838993630349871,-0.3381836520213295
Georgia,0.6338605865143596,-0.6044103133458331,0.0318526494254132,-0.8170462057933512,0.6523889292911951,0.367109423615187,0.0461820144861054,-0.6296356260397404
Germany,0.8712997537842668,1.8279491827495973,-0.9925638060972216,-0.1504512762705045,-0.983757232417619,0.1785095456633162,0.7318097664456109,0.4826980395039649
Ghana,0.5943645678212799,-1.3948100799173735,1.1393337021368322,0.075921598339761,0.6859557345075228,0.6203750035394258,-0.239638888544734,0.2317946516748933
Greece,0.6815712127314,-0.2166047680396668,-0.0550425556838834,0.4187152608509434,-0.593252211276255,0.0246835629941552,-0.0341531517903655,0.3525283343789668
Guatemala,0.46584824518751455,-0.8213741930728382,-1.3208030975777083,-0.728906821725662,1.951071755378606,1.1334287251723836,0.1284799943405002,-0.1934873084317438
Guinea,0.5194535283145522,-0.9311113225459712,0.08727710122207,0.3652009280056185,1.8255918004473497,1.046728482834769,0.209656933124944,0.3912324287419964
Guinea-Bissau,0.6544615883185316,-0.8088274924732735,0.6191883424788864,-0.4443749505140738,0.8076450762314026,0.3445467051435732,-0.046196673475169,0.5455447623695654
Guyana,0.7999737595926003,0.4300980990416062,0.1595536515935583,-0.978888864631768,0.3474159589774898,-0.8982023916658174,-0.4194074895039525,0.1953304637630625
Haiti,0.6473554719878661,0.1819806941687571,-0.4658696014414741,-0.2462301373598065,1.1686869061437033,-0.0879556093636319,-0.2136375335897745,-0.2208468604459262
Honduras,0.2931376279317261,-1.915687586270564,-2.67434365498038,0.6403330824538291,0.0470842604343165,-0.0570472223308797,0.2195326207893833,-1.106476252237665
Hungary,0.7983358747304589,0.3242965676852581,-0.1010472797462247,-1.3550404658805089,-0.3261737958764434,-0.3231302115002844,0.115243842036574,-0.3689285905626961
Iceland,0.865165970663265,3.450957713216207,-1.0908219921103863,1.1551208941836288,-1.7104917499986712,2.280473966141107,-0.4453369634743623,-1.0801271315772083
India,0.2813829742816395,-3.497627239232928,-1.913672152072871,1.1327660026440924,-1.3951421235817107,-1.1703895684854533,-1.2709936036320175,1.9483929842984853
Indonesia,0.11766270487923876,-3.6017108739997568,-3.078475738314582,1.7294175025442453,-1.3054702244282814,-0.5079973505886366,-1.0122869572568085,0.3076299114169604
Iran,0.8213761548942055,-0.1084386420648922,1.7587433676051776,-0.0509036217528708,-0.1780103586959674,-0.740000031677638,-0.2593109958891487,-0.1669943941246282
Iraq,0.7133607077593698,-1.0607731271394905,1.6934624428092453,0.2183335187747013,-0.3000746419946837,-0.0574743973624149,-0.2130966269012833,0.4016505964554355
Ireland,0.9395910822241456,3.11952372392282,-1.00982967171863,0.1802186527854096,-0.6272264139366974,0.3376657671224441,0.3576350661820712,-0.0926229251477348
Israel,0.9266033631444369,1.8722577327270664,0.9592846495736482,0.8944790349939005,-0.3328118904024905,-0.5587381078975993,0.2744339580146839,-0.2379200814032668
Italy,0.4358795866766987,-1.0405236778831315,-2.6812107016417124,2.0102772169201675,-2.181941578582872,-1.2724397503167268,0.0981160565788238,-0.4863734255303628
Jamaica,0.8028485469885598,0.2297909001159671,0.2311963114857697,-0.9939221921653266,0.3655804446999368,-0.9244700334084108,-0.1859109169381451,0.6918437442973211
Japan,0.6845090401759747,0.467773957800309,-1.0132578214864585,-0.2483371372311154,-0.6834234129894138,0.8940659404146742,-0.8390011165824807,0.844261346258275
Jordan,0.6857402138236912,-0.6200576428978903,1.1334524015899012,0.057011003050357,-0.0852676216930958,0.8980835487047698,0.1987444773679793,-0.3541716888413621
Kazakhstan,0.7260156682227374,0.1518686832058878,-0.0653154913236272,-1.5277208991141578,-0.6649153786722604,1.198445682649946,-0.4954513166673457,-1.3433510620030709
Kenya,0.5111783722931181,-2.0555385002502677,1.056996316587412,0.7832294622847225,0.7719355239223316,0.962103403305202,1.55012264137191,-0.418447446128274
Kuwait,0.866825990058723,0.3446196575586252,1.9199752792765812,0.6278373657433739,-0.2151036592894437,-0.8245547464390367,0.0299792793133373,0.3779689943491206
Latvia,0.7615539775299368,0.4963010567195414,-0.4755451265869742,-1.3109522525813533,-0.5672697543992803,0.4559681435824994,-0.1494244457757954,-0.701122349688863
Lebanon,0.5948395685535888,-0.3054663347629486,0.3358018490324289,0.6941393370529599,1.3120324728341788,1.4707774861219658,0.8697558695464197,0.0316656593559903
Lesotho,0.37590950445506915,-2.3457767648628947,-0.3673332693301502,1.8063775377568507,-0.8392872859221477,0.1720423893037623,1.0789076641708284,-2.026147826895224
Liberia,0.7159556837867338,0.9678164647063752,-0.3366536988733548,1.1872695230434478,1.402876452104597,0.1354373440809219,1.0338196758662646,1.3527881416949823
Libya,0.7487458955957134,-0.5053995004612681,2.634633073262298,1.0145721556864422,-1.4667653774774538,2.317618276545086,-0.5959792655111278,-0.0152567251340657
Liechtenstein,1.0,3.8849578289438607,-2.026708589400835,0.3604372836328837,-0.0314040198430474,-0.5235767238768942,2.1281771316451192,0.6570895220341609
Lithuania,0.8153200082056239,0.7734934141618526,-0.2316746046988651,-1.381042515421418,-0.751719692686562,0.2910247044942139,-0.2002242633048737,-0.7676673797702459
Luxembourg,0.7941361990968365,1.7174903381567377,-0.4556386187435308,-0.4239525964961754,0.2176061015438007,-0.5615617112603926,-1.1204768025783722,-1.6995776551820625
Madagascar,0.5715924363048488,-1.8560435455461648,1.13893389030594,0.2032440404833557,0.4906011626898127,0.1956988186157253,0.5441950992052795,-0.2610180904262542
Malawi,0.6812416255164075,-1.2160954213953852,1.58688096658001,0.3107874920066176,0.399433080768262,-0.1796215596628881,1.1423150592595472,-0.4301371694705585
Malaysia,0.36407100608817045,-2.068520775805705,-1.0753016764965675,0.0342455785973907,1.8952249523070084,0.5438707604630738,-0.1723537681435894,0.928516960455846
Maldives,0.7226408503776236,-0.2800690254237914,1.4394173823694991,0.7764572820031425,-0.2124833257522843,0.038816196421429,-0.4311632337228042,-0.1556675839725485
Mali,0.8377118166638876,1.608689396256373,-0.3646491858111822,1.7157576654136175,0.1264249448581682,0.1101331859297269,1.977266501234375,2.1934581611461117
Malta,0.9068665976108813,1.7780502873930597,0.7357674015676376,0.680419129628815,-0.8380897638156272,0.1064720327369051,-0.1866330969253395,0.0386816504473696
Marshall Islands,0.8917827286882355,1.8805959192768849,0.7049549392277618,0.528366208766875,-0.5652270787575993,0.5906942741854797,-1.4340069614396822,1.1200035749112762
Mauritania,0.695622480104832,-0.2795113497970521,1.1737888829361551,0.0167290654918688,-0.1733318909703538,1.4184111869607583,-0.7010344303129489,-0.0704695151091014
Mauritius,0.7280451305058188,-0.6060775162003619,1.8456193124430835,0.5746605215910661,-0.0980911921640281,0.6865665049727174,0.5411755187919237,-0.2056863339933011
Mexico,0.5687502501142195,-0.6038543664233653,-1.9956548932880096,-1.4237787002385789,0.2711886554662693,-0.4098910452273532,-0.4800431132602343,0.1992877659788965
Monaco,0.9452776683993382,6.392361992915305,-1.2939423158447874,4.129536990610564,2.983249230020602,-3.0035354866157986,-1.2711489149550452,-1.684948386018528
Mongolia,0.4890335535487532,-0.6956273458977689,-2.091905842600393,-2.0707595815561803,0.8914652319130565,1.3682147984913793,0.0110066826888076,-1.423196414503465
Montenegro,0.7921807392116649,0.1030647839491487,-0.1324102001591209,-1.2409402085388082,0.1393993099428929,-0.9188626670442231,0.5118029689440994,0.1979367110668075
Morocco,0.7052235146074252,-0.5589567584417846,0.1501767002465601,-1.0291894944287452,-0.3765041028000745,-0.032419072255052,-0.4968419740929267,0.1050799788951305
Mozambique,0.27525464911793696,-2.114722586847204,-0.4186670079291141,3.386798436215785,0.1002631909267298,0.3301564463402582,0.6845354189734479,-2.075429386998932
Myanmar,0.7198757281906243,0.7284287699332669,-1.423326882518569,1.0837988585056628,0.3109462462864675,1.556071150161457,2.292009051084111,4.267236050087526
Namibia,0.7257802418897414,-0.599711341199471,1.8670738371003104,0.7042239157799195,0.031342388944701,0.4214395246524262,0.7905635774666477,-0.5393971496176861
Nepal,0.5098328049134112,-1.528052069607076,-0.8679172762866383,-0.9290808940351404,0.6112439081779036,0.1082295328941555,-0.3662574144115326,0.2447233573225189
Netherlands,0.9752501549355573,3.0505216369298616,-0.7099316045385711,0.1150129216301193,-0.6903105978148213,0.4523509509172562,0.8121971348539663,0.3476283885874649
New Zealand,0.7525378329923884,2.0218894280309025,-0.807224113094635,0.5679538503507032,-0.5969329366267005,2.177777588327828,-0.6867395398953314,-0.1529911177435742
Nicaragua,0.6871419715127163,-0.5467890623383238,0.120289833746624,-1.2327214710128835,0.5869895549746815,-0.1972630156075467,-0.541879988061751,0.2777429263835037
Niger,0.555572916926999,-1.169064942566727,1.7184599119234305,1.1937969583262875,1.1978121783808835,1.5092967967371234,-0.2629131588085638,0.0168463119434823
Nigeria,0.40073147258800346,-2.652334259087989,-1.164334041098037,1.3593806838281577,-1.1261482203286095,-2.143699255882769,-0.3047776562176575,0.0789619239817303
North Korea,0.7802490856468667,0.5723841239765455,-0.724601499480421,-2.1105482364062857,-0.0531728179292553,0.0018697783322306,-0.5355833359385849,-0.4034937464717222
Norway,0.9853499670437528,3.531826888477571,-1.5374130042772634,-0.0149470004314789,-0.8424624406798646,0.4393172880856186,1.3455147466530084,0.0667884463572215
Oman,0.8722212345743248,-0.0730635954193167,1.9450533533654688,0.2083584011014999,-0.502513070440461,-0.5800522036720273,0.5182649767805205,0.806880928428266
Pakistan,0.3656007484755279,-3.114545507861512,-1.1639826185790942,0.757850712819995,-1.113846550015593,-1.0520312154222813,-0.6596570580616501,1.0318525273120354
Panama,0.6859383042163536,-0.2078813100017673,-0.0769914910088477,-0.8523714221020154,1.104081153426156,-0.7190897714447986,-0.5317386096227523,0.2832533803516088
Papua New Guinea,0.48828201343057515,2.373767293382881,-0.8219968484743835,3.297225680706513,4.786232567318053,-0.535372637804892,-2.7494334033161,-0.6018062483774775
Paraguay,0.5396809170187249,-0.9454740427802516,-0.3975452097777022,-0.6271341195326791,1.2297325137020343,0.8601055984766687,-0.1510585523779237,-0.0114583904062076
Peru,0.43733021592352855,-1.7453241799366972,-2.146573952063662,-0.5212098453606732,-0.5407972792386819,-0.5304431441462872,-0.6998414151666615,0.2642750297784791
Philippines,0.1497114377509334,-3.173893397592399,-2.14776852679228,1.4514632707925983,0.1501226437937715,0.98187377869566,-1.5751405040379338,1.3908068793501154
Poland,0.804057272139619,0.5290538133243797,-0.0657923275072783,-1.2937333602980778,-0.5473335669467072,0.0248326893721482,-0.163708141401054,-0.5829705510984386
Portugal,0.7683570614479136,0.7561557118174921,-0.1898353716159598,-0.276854675115957,-0.2269349792000471,0.5360282650750844,0.0854542898123936,0.1516928774386966
Qatar,0.8588999360092084,0.6996050782596497,2.260104015147294,1.326660606101642,0.0148002260438821,-0.9734248857992572,-0.6764596342944328,-0.1377518266801542
Romania,0.7603973114284183,-0.1151946481676157,0.0315730559680584,-1.1305214910703645,-0.5191187429561085,-0.4169213537793347,-0.0859373071502691,-0.3276832243687036
Russia,0.8242815651483801,0.8354302324437781,-0.0670512209499691,-1.455803796365657,-0.5248977744637162,0.1370657422579505,-0.2466944524036472,-1.05487992530538
Rwanda,0.6530866713978886,-1.3344468694894585,1.1892195608725735,0.1127042393775124,1.0339725368433272,-0.8580263841019611,1.3507202670363685,-0.4955064924161403
Saint Kitts And Nevis,0.9256100793783112,2.163944412899648,1.188103015624233,0.9084202503722364,-1.059078869107127,0.6105716563894894,-1.3609277070990362,-0.0764603851996623
Saint Lucia,0.87113209727736,1.2288473752516835,1.0256181896458498,0.1352013732074266,-0.6453523588667182,0.1958494880419563,-1.0921512467017804,0.2283780462872907
Saint Vincent And The Grenadines,0.8875834815784635,1.288718683274324,1.5145030708960772,0.3571209093911223,-1.2248965385898871,0.8173372084317203,-1.5443186576400925,0.0755295874350761
Samoa,0.872792906321232,1.6030558824419778,0.313737303397995,0.0029877014390842,-0.3462809654591706,0.3973418033053837,-1.0315592085326846,1.2015092798874931
San Marino,0.8972132855110706,1.5543164860501328,-0.1279915943079943,-0.5364883475155345,-0.3786835689774144,-0.1676563770952059,0.599760282352693,0.1523225395389358
Saudi Arabia,0.7841526004672962,-0.4988997396894017,2.080878755573495,0.6631763889130821,-0.1173592598786403,-0.2866661291160693,0.3699593029462836,0.3118796152948579
Senegal,0.7946699100549405,0.2473116510400003,1.0977862283426367,-0.0512947524800302,-0.9766855887386716,0.1701761403466141,-1.228430808842223,-0.0131408287156867
Serbia,0.663373014685988,-0.5787964452679049,-0.3883741769090982,-0.802589726248524,-0.4036885293431688,0.1818311079650252,0.0907316555136764,-0.073023997802668
Sierra Leone,0.682988577602274,0.0063033053780104,0.4275274087526006,0.0547920766810875,1.400902117405414,-1.0861319477546534,-0.8044593172258078,-0.102603502824231
Singapore,0.8405845998479617,2.42106683558218,0.1231896338706315,1.3618788223947038,1.4040524043834006,-1.4688658110782142,-1.431998272614572,0.4394562063439605
Slovakia,0.7968131494053393,0.481473452808991,-0.0346095271628977,-1.08923854342948,-0.666918109809232,0.0417499559247904,-0.2532926895689217,-0.447385633906204
Slovenia,0.6523920657980297,0.0576974118505065,-1.1298339260306542,-0.8774057324738892,0.7898682014050523,0.2454132906473646,0.8029446110071794,-0.0858136731218534
Solomon Islands,0.5067474224512736,-0.2978855018642006,-0.6121641767374677,0.0177217829294886,2.3640356642844718,0.9614634778939052,-0.6570132968980474,0.1448371729997935
Somalia,0.507752589960745,-1.7802295214277009,1.706728044488819,2.5400480447155607,-0.942726194552673,2.4048204221664813,0.6257893523211322,0.0217391723080507
South Africa,0.6203774113109464,-1.262342424531888,-0.0303391429311489,0.8613784489540159,-0.9186386818879836,-0.6582518732564606,0.9056207857786592,0.518531020748162
South Korea,0.7994844407667548,0.7781096557461477,-0.7653889087540863,-1.8613579051658935,0.0219008667814667,-0.1437177801444282,-0.3148377614402539,-0.0883929622449094
Spain,0.4997281925261229,-0.6441154353962997,-2.3501735282752465,1.3037658083933088,-1.7756217004484174,-0.9812848406326202,0.307921880018597,-0.959904142074822
Sri Lanka,0.5415200548744454,-1.817485056048439,0.6428969663036425,0.0264287096328839,-0.0479353289885195,0.6258949612689836,-0.8812551265664621,0.5840690300297098
Sudan,0.8356423922238726,-0.7777619608725335,2.7020963764033024,0.2433560385890365,-0.5493635578613024,-0.6915625385397677,0.0078714369453931,0.3578504732101981
Suriname,0.8117480885363815,0.9535114116025476,0.0027942424001689,-0.4579438796737676,0.2881307777499791,-1.0386676202015306,-0.5255310508127973,-0.1526947131890812
Swaziland,0.833529242046959,-0.51779525462847,1.285334246711312,-0.7822184604360206,-0.1748624860666007,-0.9854906870982836,1.2098377604892026,0.1363995182332396
Sweden,0.9264892286970188,2.477706885080694,-0.9107030343567352,-0.3887859913264475,-0.841126207077205,0.4150089423313935,0.7315953446110379,-0.0331942692418872
Switzerland,0.9478423622258048,3.70454555379505,-2.05158822666042,0.755378461611695,0.1139467455613684,-0.9176551836166064,1.5350002587199914,0.3411310850711951
Syria,0.8038252706245844,-0.5868869014859966,1.610798025292919,-0.8757314806386822,-0.5512399970415987,-0.3396036568628168,-0.1888243234688421,-0.3235518472500311
Tajikistan,0.6635726243225549,-0.9596393123672838,0.0874643701717376,-1.2162951151434864,0.7335609608607303,-0.6847941750354976,0.1303965088851819,-0.0013939169890025
Tanzania,0.8307175113544457,-0.8820940104645826,2.224423338374143,-0.2117726333871551,-0.222087200996987,-1.3505555754325045,1.1014929582452018,-0.4538155313851384
Thailand,0.5649262027176485,-1.2126992520781017,-0.2850023584008029,-0.4713211514007188,0.9239790792158308,-0.0491017843641136,-0.52336695722767,1.0782883235089686
Timor-Leste,0.7625499048922086,0.3814288177624947,-0.0089831681413738,-1.0515016149991931,0.7344429182239316,-1.0139919706128564,-1.0958968285394142,0.2749373837583216
Togo,0.8451829185555795,-0.1979594867935599,1.913209336036425,-0.2439686324753874,-0.8142036242816619,-0.036885861447399,-0.2173145217172164,0.2741444534904028
Tonga,0.8503491343020531,1.2087115012675076,0.6728021185040226,-0.4351092313784455,-0.8604182213077823,0.758089375038683,-1.6063691505719797,0.176763747810338
Trinidad And Tobago,0.861864737046137,1.2024706815889543,0.1718298093857393,-0.3419977662798882,0.0398830021383819,-0.6336438105882661,-0.1237701614771183,0.4607196202756105
Tunisia,0.6580670583831006,-1.1073356008259747,0.6161842858767581,-0.5921802904268298,-0.4262127650043741,0.2270285243150329,-0.5671715726745755,0.1690450509651842
Turkey,0.8151048304081929,-0.6151006151494438,1.881361303303073,-0.6133498602893409,-0.6471384273924821,-0.2519399833522706,-0.2101847236897062,0.0314161710221963
Turkmenistan,0.8992492459201331,2.0204290479431366,0.6718248298481786,0.6510888089578296,-0.0849943709114879,-1.026585416522832,-0.2184544081676389,-1.4284732922922694
Tuvalu,0.7925010022306764,-0.0907912294984577,0.829396792421375,-1.139559407756641,-0.4740513057583717,0.3453342306597441,-1.3737956492703434,1.103189182408516
Uganda,0.7433398135927944,-1.3247350321426612,1.2823283530565608,-0.2391427824184918,-0.5859640906523124,-1.2610441280993998,0.8368756197205439,0.062533003377956
Ukraine,0.6845345319294686,-0.4724305497111341,-0.0668744138600837,-1.339660890914756,-0.2915663519960613,0.4976888076949002,-0.3077849642855892,-0.6218858198237597
United Arab Emirates,0.8252424906549115,1.3410171336376484,1.5068038274499456,2.2705184247486265,0.8260280804359467,-0.7757123980572608,-0.0493393883378651,0.5882198760081482
United Kingdom,0.9631218448561204,2.8690962164968723,-0.9092986918758172,-0.1549573592969737,-0.5199178557330701,0.2555452329096339,1.0038261765056076,0.4319201268889144
Uruguay,0.41563991092458596,-0.6076105767001715,-2.274237554478927,1.2939648661713508,-1.149084293431478,0.8224123037900706,0.0105757643522508,-1.6132195617166123
Uzbekistan,0.7006371408777637,-0.6939173539087203,0.4768086547710629,-1.0912176540274776,0.3920976494832524,-0.2874919464885696,-0.0026800740458397,-0.266417675303045
Vanuatu,0.5361365378860815,0.4356298163094109,-0.7063827574364104,0.8976455139880595,1.7067718370223417,1.6269040211518713,-0.833434040733798,0.3836581065797511
Vatican City,0.8242341743549935,0.6757047749088103,0.3278421218897301,-0.661786449629459,0.1683591200833913,-0.7066757424358527,-0.0135454366731146,-0.1092393633972143
Venezuela,0.7726443415920202,-0.0126226553416328,-0.2009709622667552,-1.6263174484438183,0.5584305348932931,-1.074795195228066,-0.0860489643163546,0.355481962098996
Vietnam,0.7500193747096583,-0.3733309870421382,0.3223073490316052,-1.4378449451455404,0.5267572793242429,-0.9286469711397488,-0.7707836281122434,0.6111683666560714
Yemen,0.7194839588779256,-0.991702333416086,1.150445138607515,0.0053875065951842,-0.3249221250013842,-0.4947136181083415,0.9708147543448936,-0.3468450400044826
Zambia,0.5762746566963501,-1.6829207834275206,0.6617425577399974,0.9926133539231732,0.0197286432944919,0.0982544990786979,1.532234742550128,0.2868655901139363
Zimbabwe,0.6328874752158398,-1.4090334194034784,0.7869216595812272,0.820865691816525,-0.4417227521601869,-1.0498745596127186,1.3559129398847487,-1.0383061012242616
