country,PC1,PC2,PC3,PC4,PC5,PC6,PC7,PC8,PC9
Afghanistan,-1.6735893851419283,-0.31401923102610896,-0.9216345303439707,0.2721197646337374,0.24920309756873446,0.1352231325354972,-0.14020376665818704,-0.673530764123861,0.3027864291687999
Albania,-0.33549091547159793,0.3655816133891049,-1.2909360100508571,-0.04774973530889186,-0.7790152230886855,0.01171350560219479,-0.08770501534775539,0.15408012189603493,-0.13207079988159956
Algeria,-1.0702791478372669,0.28226048002371823,-0.8170257612106577,-0.2575282220140933,0.12653732840292573,-0.5553016604351747,0.14272452299385727,-0.42268162238138757,0.16487213790216262
Andorra,1.5488499203695927,-0.9850922869758999,-1.2924411825641857,0.06849403460840599,-0.3968901599116267,0.7230307100827865,-0.3426392047627544,-0.49404252029454604,-0.3616654446711913
Angola,-0.8480821003110951,0.6807027471252756,0.9522927556009023,1.506612975867081,0.7307887757134154,0.9298177481003322,-0.38865232611028394,0.9584697707677411,1.2779267373922245
Antigua And Barbuda,1.958943032928427,1.085600823804623,0.6293277770053319,-1.035104401763538,0.5336372078906089,-1.211859494328523,-0.07564549278953273,1.50823990425043,0.7564874507303545
Argentina,-0.7455394184742351,-1.2109103319310932,-0.9381434242066832,0.3155040103206887,0.5615801034286615,-0.3032045541031927,-0.5826994202671966,0.09970871800024884,0.0037600639544248617
Armenia,-0.5898015433303005,-0.1943843232774105,-0.7340486612923128,1.1061826077584571,-0.1874386542446856,0.34240696131290854,-0.6601783522828836,-0.18853053015243124,0.345304266510238
Australia,1.7505849138702725,-2.465521784867366,0.21815925220104643,-0.04878651436783557,0.09864502906063702,0.13883761425910068,0.6676154109460004,-0.49222964809083336,0.4809547881208329
Austria,1.8335538904086566,-0.6434031138129919,-0.3009471965647769,-0.6696100115884338,0.00026120710212528437,0.6308564586873409,0.08607333164184963,-0.21804085779747573,0.059800098719560074
Azerbaijan,0.09024055070723148,1.5074159902236157,-0.904042503782821,-1.3798036878390403,0.8836229589094056,-0.9116186131793497,-0.694278460656117,-0.547498454196506,-0.3521864410290385
Bahrain,0.541965463498171,2.091626788587848,0.7859912092359062,-0.4495376633281273,-0.49017622909562786,-0.39520361801788045,-0.02875191186918882,-0.17494744747725224,-0.12329920226569864
Bangladesh,-2.1823408623483456,0.00444657365430933,0.31639544362826555,0.14262521946665568,0.5994399081734954,-0.8173672017588471,1.0366739539732255,0.05403323530178328,-0.015928103432877688
Barbados,2.0991490353588182,0.8363783820607105,1.298388737563668,-0.7901961689265243,1.1480377784710465,-0.8699995484673712,0.31433523270168995,1.340588026530377,0.7861714194261715
Belarus,0.32166663427894776,-0.014476703809931131,-1.2466398812502695,-0.4954380534713124,0.9716530417823512,-0.4207329472316437,-1.039738547701855,-0.36402609982009526,0.10373686554231168
Belgium,2.058792515134364,-0.4114552489173484,0.4458924737522549,-0.8653005603030128,-0.0573597323252369,0.6370131090515209,0.30726275721581303,0.05265997888301206,0.3949219522155142
Belize,0.45437404016620025,-0.5230225012897245,-1.4226892838878544,0.5680596965859772,-1.0272153637897135,0.41827750302624944,0.8615734580101554,0.6453780346134232,-0.505317918145205
Benin,-0.2703120100816719,1.030307063212043,-0.10717967847653802,-0.27547996412729614,-0.33873921785680916,0.43906683350796394,1.0775629174761825,0.19319986459453817,-0.20284960326747634
Bhutan,0.6038195323198301,-0.9166429033857163,-2.124600775752676,-0.13343814781741764,-0.2351321350428993,0.9627292941189949,0.18578962904210752,-0.25393513656217215,-0.6379339339373118
Bolivia,-0.5043474941595057,0.02071022515193523,-1.929158725286236,0.4930999396521657,-1.1628139419858967,0.3412319754386993,-0.3041174839999145,-0.17845103857576539,-0.4068253225833739
Bosnia And Herzegovina,0.20611562604201114,-0.3322229854153737,-1.8518788795996088,-0.0024145319647632443,-0.556317823728705,0.6655506181649103,-0.07871001972186223,-0.0784585886044413,-0.37687895632089163
Botswana,-2.719100282280935,-0.09963631317166596,2.3532920599925182,0.10334209304545516,0.5523620406414141,1.4252988064765169,-1.829059621242705,1.1879128538424877,-1.3183278448849636
Brazil,-3.380193425711083,-3.516468136847645,1.691084787995544,-0.9123063319086955,-1.086418453226074,-0.09630305374983288,0.399007170990592,0.43037162653951105,-0.15894816022283664
Bulgaria,-0.7746505916144933,0.8530869944251891,-0.17047655579789603,-0.33733137018982,-0.6149684510667232,0.23321238410742495,0.36580515352179716,-0.10898876240913669,0.24669428749211128
Burkina Faso,-0.9390144996382337,1.363336055495282,0.37890736432047534,-0.20536685983531677,-0.12641735149886954,-0.5131312017784204,0.15538347901774655,0.17833637227218072,-0.33186500595742296
Burundi,-1.468292625792105,1.7652026164060837,0.7840233697613046,-0.5427421514039514,0.06894123539461151,0.45797048078278463,-0.7251441015193895,-0.30408338069756713,-0.16957813975611705
Cambodia,-0.819581073243746,0.07513488170606072,0.21822845587288972,1.8734599300545511,1.3693573366557636,-0.17422465805616402,1.2277695828885484,0.7151688476711283,-0.37709604263168317
Cameroon,-1.0758421775194278,0.4365625493443795,-0.3087088428507594,0.025569211858290582,-0.6514008214516086,0.9114278372777112,0.7793542062089589,-0.21382180810345428,0.3236037078018774
Canada,2.0018808973295137,-2.2047376813911534,-0.3569341603038527,-0.09457562088198013,0.37832487937458253,0.45953278928652486,-0.5053354354441616,-0.8006527189371505,0.45499532691936073
Chad,-0.08972808455003928,2.001888661640187,1.1123282369924272,0.2777303775451806,-0.42792780305699146,-0.21510825857962326,0.24135408817848053,-0.4803640194481762,-0.21747916053412553
Chile,-0.8803754996087252,-2.350919994661021,-0.849207293733969,1.7317557847123817,0.9888182975613545,0.44800844652534394,-0.7564674692614456,0.05844409412351776,0.5324555264187748
China,-3.7520859442175607,-5.193884185920487,1.950351332179338,-2.7879090915017426,-0.9492069248016648,-1.572459978877939,0.05636361512983935,-0.7507507702672044,0.690832223200916
Colombia,-1.1983938806415337,-0.8257117693079411,-1.2664453538295246,0.3321175977634285,-0.7053074944599823,0.3819129379392861,-0.04011467033554908,-0.25953736640542663,0.06939656764986665
Costa Rica,-0.654449297614131,-1.2011214850601666,-0.40980601057763955,1.8723211051380206,1.1682575856729156,0.3325239895307254,-0.21272364453146622,0.6637277065090434,-0.11863292756502745
Croatia,0.16292061358421425,-0.8231734397810913,-0.9592048605152795,0.2086890174283257,-0.1927733762709463,0.7469081905785222,0.0837571400045793,-0.11795736531869044,0.1276170289657892
Cuba,-0.15539846137082577,0.3658002238651375,-0.9082471285632018,-0.5171304391763757,-0.16923269129853707,-1.0551776566835855,0.18910790503818647,0.07616004187764643,-0.05575640059360171
Cyprus,0.8709335052758084,0.833797078874036,0.2588056981464697,-0.41251788254573646,-0.5601580228511387,0.4142272007293805,0.38716835339171596,0.13467158309046817,-0.017529665418771278
Denmark,3.5417319735741453,-0.8641791628145498,0.5130438566905854,-1.1972409036607754,0.807104424824467,0.8160799257009578,0.21249397562640987,-0.035745073942573855,0.13920326883361592
Djibouti,0.4802388298061082,2.4567256561968382,1.1806034346050798,-0.31122490867250935,-1.0700964622863771,0.05310710056835938,-0.4753297942326691,0.39218650837845215,0.6748114680414603
Dominica,1.1077141065434748,0.5853806283187115,-0.21421610356717033,-0.3557431783057861,-0.14913955766508089,-0.5226060884876512,0.5436205138047586,1.0901373828183596,0.060254009800367096
Dominican Republic,-0.881420878050073,-0.6879930948369561,0.11140654603074814,1.603419559668158,1.1911055828420143,0.03398151157716106,0.4044661228782985,0.5741899492830185,0.5318895432522662
Ecuador,-1.354670682813062,-2.45636565464903,-0.6461362065714416,1.4966832891285742,0.9361307761301668,0.4165901866874789,-1.2634005880570989,0.25386981262851827,-0.11460714245580061
Egypt,-1.122867759144387,1.7204512031900032,-0.4252620654389784,-0.16471137622655582,0.03174493904357223,-0.08271051824059701,-0.018520342464069188,-0.18980194425734898,-0.1340234614994653
El Salvador,-0.4225948252668654,-0.495461018993141,-1.3545476505631326,1.038493596262735,-1.1502486925114979,-0.5332572148055409,0.27628271722615455,0.17792294326441574,-0.3037956649576267
Equatorial Guinea,-0.3300933088206558,0.20833407450634733,0.28725888118354065,0.21490312147302434,-0.785181087422659,1.0416864150121077,0.40236982161812035,0.9256215974302608,-0.29698456158188385
Eritrea,-0.42884461234949234,1.3955760363124388,-0.6402337531739164,0.036973908552271305,-1.1632360069316738,0.5813557671084085,-0.7809046095280339,-0.7680744127640327,-0.13245483416786652
Estonia,1.2193840646006298,-0.2072675364616259,-1.1715799688580248,-1.1196432227716984,0.7338589665776085,-0.4338182336272793,-0.9221242904533212,-0.2508742334124913,0.10223840417608428
Ethiopia,-1.8510740016053593,0.787839626774996,0.5907448244324254,1.115165031701064,0.9145253988743867,1.1382256325588065,-1.1591424708516862,-0.5410462150263978,0.25391011582570605
Finland,3.069692876874625,-0.9520492823993153,-0.04294048533181927,-1.1937593416118961,0.7835867078828056,0.8683504767364005,0.04169074335136013,-0.03362359496658934,0.14558153282933542
France,0.6825382590657265,-1.5546697909859448,0.0599669647168386,-0.4849688006610467,0.12213304262080299,0.023361787729939486,0.13751630589462097,-0.6123119526000884,0.9944741988173776
Gabon,0.4247795598395816,0.610432182676684,0.8763929039694713,1.0114103754883625,-0.8897432760517264,0.1838993630349871,-0.33818365202132955,0.8962536388270592,1.1570302346120198
Georgia,-0.6044103133458331,0.031852649425413285,-0.8170462057933512,0.6523889292911951,0.367109423615187,0.0461820144861054,-0.6296356260397404,-0.15385522852895703,0.33246020765981826
Germany,1.8279491827495975,-0.9925638060972217,-0.1504512762705045,-0.983757232417619,0.17850954566331625,0.7318097664456109,0.4826980395039649,-0.505904321472027,0.036522801945824905
Ghana,-1.3948100799173737,1.1393337021368322,0.07592159833976105,0.6859557345075228,0.6203750035394258,-0.239638888544734,0.23179465167489333,-0.17729053060262168,-0.21369352898760072
Greece,-0.21660476803966688,-0.05504255568388346,0.4187152608509434,-0.593252211276255,0.024683562994155254,-0.034153151790365543,0.3525283343789668,-0.3339910154312417,0.5998130847354398
Guatemala,-0.8213741930728382,-1.3208030975777083,-0.728906821725662,1.951071755378606,1.1334287251723836,0.12847999434050028,-0.19348730843174383,0.1608237901458718,0.3037765332180514
Guinea,-0.9311113225459713,0.08727710122207,0.3652009280056185,1.8255918004473497,1.046728482834769,0.20965693312494407,0.39123242874199643,0.2580943001918033,0.12213994392540642
Guinea-Bissau,-0.8088274924732735,0.6191883424788864,-0.44437495051407383,0.8076450762314026,0.3445467051435732,-0.046196673475169016,0.5455447623695654,0.059021685690638,-0.38368190840758715
Guyana,0.4300980990416062,0.15955365159355836,-0.9788888646317679,0.3474159589774898,-0.8982023916658174,-0.4194074895039525,0.1953304637630625,1.0596394277747276,0.0853756971655653
Haiti,0.18198069416875717,-0.4658696014414741,-0.24623013735980653,1.1686869061437033,-0.08795560936363195,-0.21363753358977453,-0.22084686044592622,0.9316620518163412,0.7256087882215124
Honduras,-1.9156875862705638,-2.6743436549803796,0.6403330824538291,0.047084260434316585,-0.05704722233087975,0.21953262078938338,-1.106476252237665,1.342744770772072,-1.6901850311746214
Hungary,0.3242965676852581,-0.10104727974622475,-1.3550404658805089,-0.3261737958764434,-0.3231302115002844,0.11524384203657405,-0.36892859056269617,-0.17320013317519894,-0.1445025530099082
Iceland,3.450957713216207,-1.0908219921103863,1.1551208941836288,-1.7104917499986712,2.280473966141107,-0.4453369634743623,-1.0801271315772083,-0.5971588361138401,-0.05180557863028242
India,-3.497627239232928,-1.913672152072871,1.1327660026440924,-1.3951421235817107,-1.1703895684854533,-1.2709936036320177,1.9483929842984855,-1.040369666957135,1.814816676332369
Indonesia,-3.6017108739997568,-3.078475738314582,1.7294175025442453,-1.3054702244282814,-0.5079973505886366,-1.0122869572568085,0.3076299114169604,0.2889170100176541,-0.40875819069453107
Iran,-0.10843864206489226,1.7587433676051776,-0.05090362175287087,-0.17801035869596749,-0.740000031677638,-0.25931099588914874,-0.1669943941246282,-0.3141638137489786,-0.2784273864612131
Iraq,-1.0607731271394905,1.6934624428092453,0.2183335187747013,-0.3000746419946837,-0.057474397362414914,-0.2130966269012833,0.4016505964554355,-0.249434768364656,0.011810678789359505
Ireland,3.11952372392282,-1.00982967171863,0.1802186527854096,-0.6272264139366974,0.33766576712244417,0.35763506618207125,-0.09262292514773486,-0.26670096471851906,-0.012771431072672016
Israel,1.8722577327270662,0.9592846495736482,0.8944790349939005,-0.3328118904024905,-0.5587381078975993,0.2744339580146839,-0.23792008140326687,0.375163483767168,0.49207362087924195
Italy,-1.0405236778831315,-2.6812107016417124,2.0102772169201675,-2.181941578582872,-1.2724397503167268,0.09811605657882382,-0.4863734255303628,0.5745010260879653,-0.31806616095590207
Jamaica,0.22979090011596712,0.23119631148576977,-0.9939221921653266,0.3655804446999368,-0.9244700334084107,-0.18591091693814518,0.6918437442973211,0.9209332671378107,-0.2572095317815495
Japan,0.467773957800309,-1.0132578214864583,-0.2483371372311154,-0.6834234129894138,0.8940659404146742,-0.8390011165824807,0.844261346258275,-0.5299110469930023,0.0196806806970523
Jordan,-0.6200576428978903,1.1334524015899012,0.057011003050357015,-0.08526762169309585,0.8980835487047698,0.19874447736797937,-0.3541716888413621,-0.17204575320426788,-0.01983866295384911
Kazakhstan,0.1518686832058878,-0.06531549132362724,-1.5277208991141578,-0.6649153786722604,1.1984456826499459,-0.4954513166673457,-1.3433510620030709,-0.7882148404491327,-0.08900706280170155
Kenya,-2.0555385002502673,1.0569963165874119,0.7832294622847225,0.7719355239223316,0.962103403305202,1.55012264137191,-0.418447446128274,-0.80655154403989,0.9013566544036284
Kuwait,0.3446196575586252,1.9199752792765814,0.6278373657433739,-0.2151036592894437,-0.8245547464390367,0.029979279313337357,0.3779689943491206,0.13045286047578347,-0.1363901324350249
Latvia,0.49630105671954144,-0.47554512658697423,-1.3109522525813533,-0.5672697543992803,0.45596814358249943,-0.14942444577579547,-0.701122349688863,-0.33933562777891024,0.0699829706255849
Lebanon,-0.30546633476294865,0.3358018490324289,0.6941393370529599,1.3120324728341788,1.4707774861219658,0.8697558695464197,0.03166565935599038,0.1547744674436612,0.30920772269176056
Lesotho,-2.3457767648628947,-0.36733326933015026,1.8063775377568507,-0.8392872859221477,0.1720423893037623,1.0789076641708284,-2.0261478268952238,0.563536613844199,-1.6098724722378428
Liberia,0.9678164647063752,-0.3366536988733548,1.1872695230434478,1.402876452104597,0.13543734408092195,1.0338196758662646,1.3527881416949823,-0.18780105090426588,-0.3622545379011227
Libya,-0.5053995004612681,2.634633073262298,1.0145721556864422,-1.4667653774774538,2.317618276545086,-0.5959792655111278,-0.015256725134065719,-0.8434925794988897,-0.10873850153495146
Liechtenstein,3.8849578289438607,-2.026708589400835,0.3604372836328837,-0.031404019843047457,-0.5235767238768942,2.1281771316451192,0.6570895220341609,0.21907055225698252,0.20540002411482963
Lithuania,0.7734934141618526,-0.23167460469886517,-1.3810425154214179,-0.751719692686562,0.29102470449421397,-0.2002242633048737,-0.7676673797702459,-0.42302670963537875,-0.10861974051561539
Luxembourg,1.7174903381567377,-0.4556386187435308,-0.42395259649617545,0.2176061015438007,-0.5615617112603926,-1.1204768025783722,-1.6995776551820625,-0.4882139601814468,0.3593824262207291
Madagascar,-1.8560435455461648,1.13893389030594,0.2032440404833557,0.49060116268981274,0.1956988186157253,0.5441950992052795,-0.2610180904262542,-0.5766714116361012,0.3684564601096439
Malawi,-1.2160954213953852,1.58688096658001,0.31078749200661765,0.39943308076826206,-0.17962155966288817,1.1423150592595472,-0.4301371694705585,-0.31239356779619487,0.5923787042299222
Malaysia,-2.068520775805705,-1.0753016764965675,0.034245578597390705,1.8952249523070084,0.5438707604630738,-0.17235376814358944,0.928516960455846,0.5575400896531433,-0.0022329196378488535
Maldives,-0.2800690254237914,1.4394173823694991,0.7764572820031425,-0.21248332575228437,0.03881619642142904,-0.4311632337228042,-0.15566758397254854,-0.3604534879030767,-0.584208123214159
Mali,1.608689396256373,-0.3646491858111822,1.7157576654136175,0.12642494485816827,0.1101331859297269,1.977266501234375,2.1934581611461113,0.18465039892676946,-0.8243178950655047
Malta,1.7780502873930595,0.7357674015676376,0.680419129628815,-0.8380897638156272,0.10647203273690514,-0.18663309692533953,0.038681650447369674,0.16238180304695116,0.18622204916336074
Marshall Islands,1.8805959192768846,0.7049549392277618,0.528366208766875,-0.5652270787575993,0.5906942741854797,-1.4340069614396822,1.1200035749112762,0.10820289649025813,-0.9407645453122941
Mauritania,-0.2795113497970521,1.1737888829361551,0.01672906549186885,-0.17333189097035387,1.4184111869607583,-0.7010344303129489,-0.07046951510910143,-0.08845053092198453,-0.10492262591931967
Mauritius,-0.6060775162003619,1.8456193124430833,0.5746605215910661,-0.09809119216402813,0.6865665049727174,0.5411755187919237,-0.20568633399330113,-0.12442572414944013,0.3404994623978058
Mexico,-0.6038543664233653,-1.9956548932880096,-1.4237787002385789,0.2711886554662693,-0.40989104522735326,-0.4800431132602343,0.19928776597889655,-0.4301340983710281,0.741154801897268
Monaco,6.392361992915305,-1.2939423158447874,4.129536990610564,2.983249230020602,-3.0035354866157986,-1.2711489149550452,-1.6849483860185281,-1.23389697775354,0.4881897121802807
Mongolia,-0.6956273458977689,-2.091905842600393,-2.0707595815561803,0.8914652319130565,1.3682147984913793,0.01100668268880768,-1.423196414503465,-0.7690916651518527,0.33591588211453516
Montenegro,0.10306478394914872,-0.1324102001591209,-1.2409402085388082,0.13939930994289298,-0.9188626670442233,0.5118029689440994,0.19793671106680755,0.026752773384466477,-0.28348248982192314
Morocco,-0.5589567584417846,0.15017670024656013,-1.0291894944287452,-0.3765041028000745,-0.032419072255052056,-0.49684197409292674,0.10507997889513056,-0.39164926353494983,0.027153576278814137
Mozambique,-2.114722586847204,-0.4186670079291141,3.386798436215785,0.10026319092672989,0.33015644634025826,0.6845354189734479,-2.0754293869989318,1.2386593634702885,-0.5547056479627067
Myanmar,0.7284287699332669,-1.423326882518569,1.0837988585056628,0.3109462462864675,1.556071150161457,2.292009051084111,4.267236050087526,-0.16699817382238022,-1.1449095057382395
Namibia,-0.599711341199471,1.8670738371003106,0.7042239157799195,0.031342388944701025,0.4214395246524262,0.7905635774666477,-0.5393971496176861,-0.3799677364341064,0.4210141646028711
Nepal,-1.528052069607076,-0.8679172762866383,-0.9290808940351404,0.6112439081779036,0.10822953289415557,-0.36625741441153264,0.24472335732251896,0.2643497600781742,-0.09937123150557166
Netherlands,3.0505216369298616,-0.7099316045385711,0.11501292163011935,-0.6903105978148213,0.45235095091725624,0.8121971348539663,0.3476283885874649,-0.37274098255268184,-0.3707239161759063
New Zealand,2.0218894280309025,-0.807224113094635,0.5679538503507032,-0.5969329366267005,2.177777588327828,-0.6867395398953314,-0.15299111774357427,-0.1977915229562353,0.21619352566123043
Nicaragua,-0.5467890623383238,0.12028983374662407,-1.2327214710128835,0.5869895549746815,-0.19726301560754672,-0.541879988061751,0.2777429263835037,0.527767471975272,-0.18889560190468724
Niger,-1.169064942566727,1.7184599119234305,1.1937969583262877,1.1978121783808837,1.5092967967371234,-0.2629131588085638,0.01684631194348231,0.10908224237515106,0.19233480631754776
Nigeria,-2.6523342590879895,-1.164334041098037,1.3593806838281575,-1.1261482203286097,-2.1436992558827694,-0.30477765621765757,0.07896192398173031,-0.05351282410124757,-0.6730081590484368
North Korea,0.5723841239765455,-0.724601499480421,-2.1105482364062857,-0.0531728179292553,0.0018697783322306945,-0.5355833359385849,-0.4034937464717222,-0.24376178501788956,-0.5946159420098802
Norway,3.531826888477571,-1.5374130042772634,-0.014947000431478952,-0.8424624406798646,0.4393172880856186,1.3455147466530084,0.06678844635722157,-0.06431185064519596,0.19502851010898956
Oman,-0.0730635954193167,1.9450533533654688,0.20835840110149997,-0.502513070440461,-0.5800522036720273,0.5182649767805205,0.806880928428266,-0.02142923405230338,-0.4552899390198458
Pakistan,-3.1145455078615116,-1.1639826185790942,0.757850712819995,-1.113846550015593,-1.0520312154222813,-0.6596570580616501,1.0318525273120354,-0.6664759375695829,1.0314537416881515
Panama,-0.20788131000176735,-0.07699149100884771,-0.8523714221020154,1.104081153426156,-0.7190897714447986,-0.5317386096227523,0.2832533803516088,0.5283862645202932,-0.14334380534597047
Papua New Guinea,2.373767293382881,-0.8219968484743835,3.297225680706513,4.786232567318053,-0.535372637804892,-2.7494334033161,-0.6018062483774775,-2.635346213582837,-1.4156308754396751
Paraguay,-0.9454740427802517,-0.3975452097777022,-0.6271341195326791,1.2297325137020343,0.8601055984766687,-0.15105855237792376,-0.011458390406207658,0.1773754296632245,-0.1157021947545281
Peru,-1.7453241799366972,-2.1465739520636626,-0.5212098453606732,-0.5407972792386819,-0.5304431441462872,-0.6998414151666615,0.2642750297784791,-0.5410731354333055,0.5043212778261852
Philippines,-3.173893397592399,-2.14776852679228,1.4514632707925983,0.1501226437937715,0.9818737786956601,-1.5751405040379338,1.3908068793501154,-0.2504595837449598,1.1149842201236946
Poland,0.5290538133243797,-0.06579232750727838,-1.2937333602980778,-0.5473335669467072,0.024832689372148282,-0.163708141401054,-0.5829705510984386,-0.484520243171884,-0.24299036741211458
Portugal,0.7561557118174921,-0.1898353716159598,-0.276854675115957,-0.22693497920004718,0.5360282650750844,0.08545428981239363,0.15169287743869667,-0.3859133222430256,-0.25265021614120753
Qatar,0.6996050782596497,2.260104015147294,1.326660606101642,0.01480022604388217,-0.9734248857992573,-0.6764596342944328,-0.13775182668015423,-0.34895533206864354,-0.1399933768123125
Romania,-0.11519464816761577,0.031573055968058414,-1.1305214910703645,-0.5191187429561085,-0.4169213537793347,-0.08593730715026913,-0.3276832243687036,-0.3129410670429729,0.11710486395135473
Russia,0.8354302324437781,-0.06705122094996917,-1.455803796365657,-0.5248977744637162,0.13706574225795057,-0.24669445240364724,-1.05487992530538,-0.28844549721917817,0.0013762028157281376
Rwanda,-1.3344468694894585,1.1892195608725737,0.11270423937751242,1.0339725368433272,-0.8580263841019611,1.3507202670363683,-0.49550649241614036,-0.25051943525765324,0.6397439795681268
Saint Kitts And Nevis,2.163944412899648,1.188103015624233,0.9084202503722365,-1.0590788691071267,0.6105716563894894,-1.3609277070990362,-0.07646038519966239,1.2888570546490872,0.6463028760176885
Saint Lucia,1.2288473752516835,1.0256181896458498,0.13520137320742667,-0.6453523588667182,0.19584948804195637,-1.0921512467017804,0.22837804628729075,0.9281832253131622,0.1187620399033345
Saint Vincent And The Grenadines,1.288718683274324,1.5145030708960772,0.35712090939112234,-1.2248965385898871,0.8173372084317203,-1.5443186576400925,0.07552958743507612,0.9225133214115769,0.19015577146181345
Samoa,1.6030558824419778,0.313737303397995,0.0029877014390842357,-0.3462809654591706,0.39734180330538377,-1.0315592085326846,1.2015092798874933,-0.19611218585800583,-1.2116271839105692
San Marino,1.5543164860501328,-0.12799159430799434,-0.5364883475155345,-0.3786835689774144,-0.1676563770952059,0.599760282352693,0.15232253953893587,0.21779901302259674,-0.06807936836038199
Saudi Arabia,-0.49889973968940177,2.080878755573495,0.6631763889130821,-0.11735925987864036,-0.2866661291160693,0.36995930294628365,0.31187961529485797,0.17250288872375633,0.2032050477305346
Senegal,0.24731165104000036,1.0977862283426367,-0.05129475248003021,-0.9766855887386716,0.1701761403466141,-1.2284308088422233,-0.01314082871568671,-0.045877185592447835,0.18296215960190737
Serbia,-0.5787964452679049,-0.38837417690909826,-0.802589726248524,-0.40368852934316884,0.18183110796502522,0.0907316555136764,-0.07302399780266802,-0.5087203221537819,0.13717783353872798
Sierra Leone,0.006303305378010434,0.42752740875260065,0.05479207668108757,1.4009021174054141,-1.0861319477546534,-0.8044593172258078,-0.10260350282423104,-0.34246025325902296,-0.38733398584524115
Singapore,2.4210668355821796,0.1231896338706315,1.3618788223947038,1.4040524043834006,-1.4688658110782142,-1.4319982726145721,0.4394562063439605,-0.4721903300725688,-0.8252860025688797
Slovakia,0.481473452808991,-0.03460952716289779,-1.08923854342948,-0.666918109809232,0.04174995592479042,-0.2532926895689217,-0.447385633906204,-0.5388614317873197,-0.1255796102063639
Slovenia,0.0576974118505065,-1.1298339260306542,-0.8774057324738892,0.7898682014050523,0.24541329064736467,0.8029446110071794,-0.08581367312185348,-0.16326056579879886,0.2520896001702623
Solomon Islands,-0.29788550186420065,-0.6121641767374677,0.0177217829294886,2.3640356642844713,0.9614634778939052,-0.6570132968980474,0.1448371729997935,1.2622326589158388,0.46072383247412696
Somalia,-1.7802295214277009,1.7067280444888193,2.5400480447155607,-0.942726194552673,2.4048204221664813,0.6257893523211322,0.021739172308050763,-0.8088965881901138,-0.008078596002421659
South Africa,-1.262342424531888,-0.030339142931148925,0.8613784489540159,-0.9186386818879836,-0.6582518732564606,0.9056207857786592,0.518531020748162,-1.1159795147157026,1.2645975219157488
South Korea,0.7781096557461477,-0.7653889087540863,-1.8613579051658937,0.021900866781466712,-0.14371778014442824,-0.3148377614402539,-0.08839296224490947,0.1027029671222027,-0.48037928364116533
Spain,-0.6441154353962997,-2.3501735282752465,1.3037658083933088,-1.7756217004484174,-0.9812848406326202,0.307921880018597,-0.9599041420748219,0.5541594501250819,-1.3916245067620225
Sri Lanka,-1.817485056048439,0.6428969663036425,0.02642870963288391,-0.047935328988519585,0.6258949612689836,-0.8812551265664621,0.5840690300297098,0.038307485512558914,-0.26560765250891055
Sudan,-0.7777619608725335,2.7020963764033024,0.24335603858903657,-0.5493635578613024,-0.6915625385397677,0.00787143694539319,0.3578504732101981,-0.027737402820059685,-0.2757061712529686
Suriname,0.9535114116025475,0.0027942424001689272,-0.4579438796737676,0.2881307777499791,-1.0386676202015306,-0.5255310508127973,-0.15269471318908126,1.5624091296284792,0.884708462143959
Swaziland,-0.51779525462847,1.285334246711312,-0.7822184604360206,-0.1748624860666007,-0.9854906870982836,1.2098377604892026,0.1363995182332396,-0.5328264713877681,-0.4313333718347896
Sweden,2.477706885080694,-0.9107030343567352,-0.38878599132644753,-0.841126207077205,0.41500894233139357,0.7315953446110379,-0.03319426924188724,-0.17808220177341078,-0.013244714598374433
Switzerland,3.7045455537950494,-2.05158822666042,0.755378461611695,0.11394674556136844,-0.9176551836166064,1.5350002587199914,0.3411310850711951,0.3624500917340113,0.7907344309409998
Syria,-0.5868869014859966,1.610798025292919,-0.8757314806386822,-0.5512399970415987,-0.33960365686281685,-0.18882432346884215,-0.3235518472500311,-0.16715102041953045,-0.22183473087819083
Tajikistan,-0.9596393123672838,0.08746437017173765,-1.2162951151434864,0.7335609608607303,-0.6847941750354976,0.13039650888518195,-0.0013939169890025275,-0.28524643288855994,-0.22543978280478058
Tanzania,-0.8820940104645826,2.224423338374143,-0.2117726333871551,-0.22208720099698703,-1.3505555754325043,1.1014929582452018,-0.4538155313851384,-0.2382248614144866,0.21658295469407957
Thailand,-1.2126992520781015,-0.2850023584008029,-0.47132115140071884,0.9239790792158309,-0.049101784364113686,-0.52336695722767,1.0782883235089686,0.5164515911392498,0.14314461741269058
Timor-Leste,0.38142881776249477,-0.008983168141373881,-1.0515016149991931,0.7344429182239316,-1.0139919706128564,-1.0958968285394142,0.2749373837583216,0.8039432633847916,-0.30486927573120315
Togo,-0.1979594867935599,1.913209336036425,-0.24396863247538744,-0.8142036242816619,-0.03688586144739901,-0.21731452171721646,0.27414445349040284,-0.16390659749639533,-0.45060975648509627
Tonga,1.2087115012675076,0.6728021185040226,-0.43510923137844554,-0.8604182213077823,0.758089375038683,-1.6063691505719797,0.176763747810338,0.6619522500430088,-0.23243386980257347
Trinidad And Tobago,1.2024706815889545,0.1718298093857393,-0.34199776627988826,0.039883002138381994,-0.6336438105882661,-0.12377016147711832,0.4607196202756105,1.2987986334058854,0.2764194473379855
Tunisia,-1.1073356008259747,0.6161842858767581,-0.5921802904268298,-0.42621276500437416,0.2270285243150329,-0.5671715726745755,0.1690450509651842,-0.4672021091149168,0.18886998756793938
Turkey,-0.6151006151494438,1.881361303303073,-0.6133498602893409,-0.6471384273924821,-0.25193998335227064,-0.21018472368970625,0.031416171022196376,-0.22391535400913978,-0.419159844221341
Turkmenistan,2.0204290479431366,0.6718248298481786,0.6510888089578296,-0.08499437091148791,-1.0265854165228319,-0.21845440816763895,-1.4284732922922694,2.0989486540114655,2.118558637102997
Tuvalu,-0.09079122949845772,0.829396792421375,-1.1395594077566413,-0.47405130575837173,0.34533423065974417,-1.3737956492703434,1.103189182408516,0.45716279881623134,-1.03329878506816
Uganda,-1.3247350321426612,1.2823283530565608,-0.2391427824184918,-0.5859640906523124,-1.2610441280993998,0.8368756197205439,0.06253300337795609,-0.4546526205108911,0.1703942332202009
Ukraine,-0.4724305497111341,-0.06687441386008379,-1.339660890914756,-0.29156635199606135,0.4976888076949002,-0.30778496428558927,-0.6218858198237597,-0.7345470383827435,0.026929724515124945
United Arab Emirates,1.3410171336376484,1.5068038274499456,2.2705184247486265,0.8260280804359467,-0.7757123980572608,-0.04933938833786511,0.5882198760081482,-1.1019950973452448,-0.5848430442551482
United Kingdom,2.8690962164968723,-0.9092986918758171,-0.15495735929697377,-0.5199178557330701,0.2555452329096339,1.0038261765056076,0.43192012688891446,-0.2546565270769001,-0.3720862503883555
Uruguay,-0.6076105767001715,-2.274237554478927,1.2939648661713508,-1.149084293431478,0.8224123037900706,0.010575764352250808,-1.6132195617166125,1.1808982267711383,-1.6295985357963778
Uzbekistan,-0.6939173539087203,0.47680865477106293,-1.0912176540274776,0.3920976494832524,-0.2874919464885696,-0.002680074045839739,-0.26641767530304505,0.05538230973650803,-0.0014725742639518883
Vanuatu,0.43562981630941094,-0.7063827574364104,0.8976455139880595,1.7067718370223415,1.6269040211518713,-0.833434040733798,0.3836581065797511,0.3134503386843226,0.24216313291409802
Vatican City,0.6757047749088103,0.32784212188973016,-0.661786449629459,0.1683591200833913,-0.7066757424358527,-0.013545436673114695,-0.10923936339721435,-0.37487949450824376,-0.4546041069421888
Venezuela,-0.012622655341632849,-0.20097096226675526,-1.6263174484438183,0.5584305348932931,-1.074795195228066,-0.0860489643163546,0.355481962098996,0.8487159580112201,-0.214142327480904
Vietnam,-0.3733309870421382,0.3223073490316052,-1.4378449451455404,0.5267572793242429,-0.9286469711397487,-0.7707836281122434,0.6111683666560714,0.6520660189688458,-0.595925709374651
Yemen,-0.991702333416086,1.150445138607515,0.005387506595184299,-0.32492212500138423,-0.4947136181083415,0.9708147543448935,-0.34684504000448263,-0.4593492061960559,0.7177025043146086
Zambia,-1.6829207834275206,0.6617425577399974,0.9926133539231732,0.019728643294491973,0.09825449907869792,1.532234742550128,0.28686559011393636,-0.6551988048475653,0.26231523135173895
Zimbabwe,-1.4090334194034784,0.7869216595812272,0.820865691816525,-0.4417227521601869,-1.0498745596127186,1.3559129398847487,-1.0383061012242616,0.4232251966540336,-0.1673285847667997
